mutation,K0,Ht,Hp,P,pHi,pK,Mw,Bl,Rf,Mu,Hnc,Esm,El,Et,Pa,Pb,Pt,Pc,Ca,F,Br,Ra,Ns,aN,aC,aM,V0,Nm,Nl,Hgm,ASAD,ASAN,dASA,dGh,GhD,GhN,dHh,-TdSh,dCph,dGc,dHc,-TdSc,dG,dH,-TdS,v,s,f,Pf-s,GEIM800105,GEIM800108,BIOV880102,GRAR740102,GRAR740103,HOPA770101,ISOY800102,ISOY800103,ISOY800104,JOND750101,JUKT750101,KANM800102,KANM800103,KARP850101,KRIW710101,KRIW790101,LAWE840101,LEVM760101,LIFS790101,LIFS790103,MANP780101,MAXF760102,MAXF760106,MIYS850101,NAGK730102,NAGK730103,BURA740102,ARGP820101,NISK860101,OOBM770103,OOBM850103,CHAM820101,OOBM850105,PONP800102,PONP800103,PONP800107,PRAM900104,RACS770101,RACS770102,RACS820113,CHOC760101,ROBB760105,ROSM880102,SIMZ760101,WOEC730101,CHOP780202,YUTK870102,ZIMJ680101,ZIMJ680102,ZIMJ680105,CHOP780204,ONEK900102,VINM940101,NADH010101,NADH010102,NADH010104,NADH010105,FUKS010102,FUKS010103,KUHL950101,ZHOH040101,ZHOH040102,ZHOH040103,PONJ960101,WOLR790101,OLSK800101,KIDA850101,CORJ870102,CORJ870104,CORJ870106,CORJ870108,MIYS990101,FASG890101,DAYM780201,EISD860101,FASG760101,FASG760102,FAUJ830101,FAUJ880101,FAUJ880106,BIGC670101
E49E,-36.17,0.67,11.41,49.9,5.22,2.19,147,13.57,3.2,17.26,-0.74,1.16,0.37,1.54,1.51,0.37,0.74,0.84,33,1.07,0.09,3.3,5.1,1.45,2.01,1.28,85.88,2.09,2.72,11.38,161.9,81,80.5,-3.71,-7.37,-3.62,-5.63,1.92,3.17,3.58,5.69,-2.11,-0.13,0.05,-0.19,5,3,3,0.8,0.57,0.97,-139,12.3,83,6.2,0.66,0.97,0.92,0.67,3.3,0.53,1.29,1.094,5.6,6.17,-0.71,2.5,0.61,0.62,11.89,0.62,1.04,1.74,0.33,0.75,0.262,0.47,-3.64,-0.371,0.48,0.151,5.16,6.38,2.31,3.3,1,0.986,1.1,20.12,190,-5,1.78,0.55,12.5,0.37,4.9,0.65,13.57,3.2,2.44,-0.27,1.094,-131,-115,-74,-57,12.93,5.86,1.45,1.89,2.52,7.3,154.6,-0.92,0.71,1.17,-1.218,-0.73,-4.56,4.04,0.74,2.3,102,-0.76,147.13,249,-0.64,1.56,3.31,84.7
E49G,-31.585,0.385,11.805,24.95,5.595,2.265,111,8.485,4.4,8.63,-0.13,1.26,0.45,1.72,1.04,0.56,1.15,1.18,23,1.115,0.235,3.215,5.63,0.99,1.315,0.84,64.565,1.81,3.515,12.36,117.65,55.1,62.25,-2.15,-4.095,-1.925,-3.545,1.395,4.025,2.13,3.46,-1.33,-0.02,-0.09,0.06,2.5,1.5,1.5,2.175,0.755,1.24,-73.5,10.65,43,3.65,0.68,1.35,1.085,0.385,4.05,0.705,0.91,1.118,6.6,6.13,-0.355,1.25,0.61,0.59,12.16,0.795,0.75,1.9,0.615,1.05,0.287,0.27,-2.63,-0.4525,0.56,0.0755,7.15,6.845,2.43,3.215,1.32,1.0005,1.0775,29.13,132.5,-4.6,0.89,0.275,10.2,0.56,5.65,0.375,8.485,4.4,1.6,-0.135,1.0625,-71,-64,-48,-42.5,10.44,7.63,1.065,1.53,1.61,7.15,111.05,0.14,1.025,0.505,-0.951,-0.565,-5.19,3.715,0.56,1.15,75.5,-0.38,111.1,269.5,-0.32,0.78,2.155,60.5
E49A,-29.5566666667,0.5466666667,12.22,16.6333333333,5.73,2.29,103.6666666667,9.49,6.2333333333,10.5333333333,0.12,1.3066666667,0.4633333333,1.78,1.1666666667,0.65,0.9866666667,1.0233333333,22,1.0633333333,0.2833333333,3.3766666667,5.77,1.19,1.3566666667,0.9666666667,63.1966666667,1.91,3.65,12.8566666667,113.1,47.8,65.1333333333,-1.6133333333,-2.9233333333,-1.3033333333,-3.11,1.4966666667,7.4233333333,1.59,3.23,-1.6366666667,-0.02,0.11,-0.14,2,1,1,1.6666666667,0.7833333333,1.13,-34.3333333333,9.8,39,2.7666666667,0.74,1.16,1.0866666667,0.5466666667,4.4666666667,0.74,1.09,1.0923333333,5.9333333333,5.5266666667,-0.3966666667,0.6666666667,0.7133333333,0.6933333333,12.43,0.8166666667,0.8333333333,2.0533333333,0.73,0.94,0.2873333333,0.3833333333,-1.8266666667,-0.4653333333,0.5266666667,0.0656666667,6.2833333333,7.1033333333,2.4966666667,3.3766666667,1.14,0.9783333333,1.032,25.1033333333,126.6666666667,-3.8333333333,0.37,0.4266666667,9.1333333333,0.65,6.0333333333,0.5266666667,9.49,6.2333333333,1.4966666667,-0.3466666667,1.0363333333,-28,-25.6666666667,-21.3333333333,-20.3333333333,9.2166666667,7.5633333333,0.97,1.7466666667,1.67,9.2333333333,104.5333333333,0.4666666667,1.1433333333,0.2466666667,-0.772,-0.4633333333,-3.91,2.9333333333,0.3666666667,0.6966666667,83.6666666667,-0.03,103.7633333333,278.6666666667,-0.11,0.9466666667,2.1166666667,57.8666666667
E49V,-29.8225,0.8775,12.8475,12.5075,5.7875,2.2975,107,12.51,8.25,11.38,0.36,1.2925,0.53,1.83,1.14,0.9125,0.865,0.925,24.75,0.995,0.3325,4.3175,6.2325,1.2475,1.175,1.025,70.0925,1.84,4.095,13.2825,120.8,42.875,77.75,-1.1775,-2.1475,-0.9675,-3.12,1.9425,13.7125,1.145,3.285,-2.1375,-0.03,0.1575,-0.195,2.25,1,1,1.275,0.9775,0.9975,3.5,8.825,50.25,2.3,0.905,0.98,0.955,0.8775,4.4,0.97,1.0925,1.06475,5.3,4.9725,-0.1575,0.125,0.9875,0.9025,13.25,0.945,0.77,2.4125,0.9,0.9125,0.33925,0.6175,-0.2575,-0.531,0.53,0.08425,5.665,7.9225,2.675,4.3175,0.9725,0.94,0.97825,23.0925,133.75,-1.175,-0.2675,0.7425,8.25,0.9125,6.875,0.8425,12.51,8.25,1.275,-0.295,1.01,4,7.75,12.25,12.5,7.805,6.4475,0.855,2.2525,2.17,11.8,113,0.6325,1.355,0.085,-0.35425,-0.06,-0.8825,0.465,-0.06,-0.3525,81.25,0.3525,107.11,282.25,0.2225,1.6275,2.38,64.675
E49I,-30.214,1.332,13.346,10.026,5.834,2.11,111.8,14.288,10.02,12.916,0.564,1.272,0.576,1.854,1.128,1.05,0.786,0.872,27.6,0.948,0.378,4.992,6.488,1.242,1.076,0.974,77.618,1.826,4.392,13.682,130.94,39.96,90.74,-0.878,-1.638,-0.76,-3.264,2.386,19.366,0.836,3.434,-2.594,-0.04,0.164,-0.21,2.6,1,1.2,1.03,1.04,0.928,22.8,8.1,62.4,2,0.986,0.864,0.896,1.332,4.14,1.072,1.12,1.0522,4.76,4.44,0.036,-0.26,1.152,1.03,13.734,1.004,0.752,2.764,1.028,0.89,0.3536,0.938,0.91,-0.5772,1.08,0.1046,4.952,8.336,2.756,4.992,0.88,0.9052,0.931,21.806,142,0.4,-0.818,1.188,7.58,1.05,7.5,1.288,14.288,10.02,1.154,-0.282,0.9934,24.6,27.4,31,30.4,6.788,5.51,0.778,2.702,2.654,13.5,122.92,0.738,1.548,-0.086,-0.036,0.172,1.48,-1.212,-0.426,-1.244,84.2,0.662,111.922,282.6,0.538,2.14,2.602,72.14
E49L,-30.475,1.4716666667,13.4866666667,8.3766666667,5.8583333333,2.1516666667,115,15.4733333333,11.2833333333,13.8933333333,0.6466666667,1.28,0.5883333333,1.8733333333,1.1416666667,1.0916666667,0.7533333333,0.8416666667,28.8333333333,0.9216666667,0.3983333333,5.14,6.635,1.3533333333,0.9933333333,0.9866666667,82.64,1.8866666667,4.425,13.7566666667,136.0166666667,38.4833333333,97.25,-0.6866666667,-1.3066666667,-0.6216666667,-3.3066666667,2.62,22.515,0.6383333333,3.4766666667,-2.835,-0.0466666667,0.165,-0.215,2.8333333333,1.1666666667,1.3333333333,0.9166666667,1.05,0.8716666667,37,7.5666666667,70.5,1.8,0.99,0.815,0.82,1.4716666667,4.2333333333,1.1,1.1933333333,1.038,4.5083333333,4.355,0.2,-0.5166666667,1.1766666667,1.0683333333,13.9283333333,1,0.795,2.9583333333,1.0666666667,0.8466666667,0.3613333333,1.0366666667,1.5933333333,-0.5893333333,0.9716666667,0.1181666667,4.6666666667,8.5083333333,2.7933333333,5.14,0.8316666667,0.8918333333,0.9088333333,19.9866666667,146.6666666667,0.7166666667,-1.185,1.405,7.1333333333,1.0916666667,8.2833333333,1.4933333333,15.4733333333,11.2833333333,1.0583333333,-0.3383333333,0.9836666667,36.3333333333,40,43.1666666667,42.5,6.395,5.0483333333,0.7416666667,3.0366666667,2.9983333333,14.7166666667,129.6666666667,0.8116666667,1.535,-0.255,0.1725,0.3966666667,2.88,-2.4566666667,-0.7366666667,-1.8166666667,76.8333333333,0.8683333333,115.13,291.6666666667,0.7316666667,2.215,2.91,77.1166666667
E49P,-29.4428571429,1.6571428571,13.14,7.4057142857,5.9214285714,2.1285714286,115,15.7528571429,11.7857142857,13.47,0.5714285714,1.2742857143,0.57,1.8485714286,1.06,1.0142857143,0.8628571429,0.9514285714,27.8571428571,0.9557142857,0.3671428571,4.7085714286,6.4942857143,1.16,1.1642857143,0.8457142857,82.6671428571,1.8057142857,4.3028571429,13.5557142857,135.8857142857,41.6571428571,93.8571428571,-0.5428571429,-1.04,-0.5,-3.1128571429,2.57,22.6828571429,0.4914285714,3.2614285714,-2.7671428571,-0.0485714286,0.1442857143,-0.1957142857,2.8571428571,1,1.1428571429,0.7857142857,1.0142857143,0.9842857143,26.5714285714,7.6285714286,65.0714285714,1.6714285714,1.0142857143,0.92,1.1257142857,1.6571428571,3.9857142857,1.03,1.0528571429,1.0404285714,4.8642857143,4.76,0.4614285714,-0.6428571429,1.0657142857,0.9757142857,13.5628571429,1.0314285714,0.96,2.8057142857,1.0214285714,0.93,0.3582857143,1.1671428571,0.9328571429,-0.5712857143,0.75,0.12,4.7342857143,8.2414285714,2.7457142857,4.7085714286,0.9857142857,0.914,0.9351428571,20.5514285714,146.4285714286,0.3571428571,-1.2657142857,1.5757142857,7.0571428571,1.0142857143,8.0857142857,1.6657142857,15.7528571429,11.7857142857,1.1942857143,0.1385714286,0.993,19.8571428571,23,25.2857142857,24.2857142857,6.1657142857,5.1271428571,0.7342857143,2.9014285714,2.92,14.0285714286,128.7714285714,0.7728571429,1.4371428571,-0.3257142857,0.076,0.2514285714,0.9171428571,-1.2128571429,-0.5642857143,-1.45,73.8571428571,0.9157142857,115.13,281.7142857143,0.73,2.28,3.11,76.6142857143
E49Y,-30.13875,1.78375,13.19375,6.68125,5.88875,2.1375,123.25,16.0375,12.1875,15.73,0.5325,1.24375,0.58,1.82875,1.01375,1.07125,0.8975,0.96625,30.125,0.9625,0.35375,4.49875,6.52375,1.0875,1.10875,0.805,87.78375,1.78875,4.38125,13.59625,143.45,42.75,100.3625,-1.18,-1.96625,-0.79,-4.0575,2.8775,23.665,1.25,4.655,-3.415,0.07125,0.5925,-0.52375,3.5,1.125,1.25,0.80625,1.06125,0.97625,26,7.45,73.9375,1.725,1.0475,0.9475,1.1025,1.78375,3.775,1.055,1.01375,1.0305,4.8,4.6125,0.55875,-0.85,1.12375,1.06375,13.545,1.05875,0.94875,2.81875,1.0275,0.9825,0.367125,1.25625,1.085,-0.581875,0.38,0.14225,4.4425,8.2775,2.75125,4.49875,0.99375,0.916125,0.9495,21.29375,156.875,0.8125,-0.985,1.75,6.8875,1.07125,7.925,1.82875,16.0375,12.1875,1.13,0.1,0.985,16,21.5,27.625,26.625,5.6775,4.89375,0.7675,3.165,3.1125,14.7125,142.325,0.6475,1.31625,-0.355,0.278875,0.30625,1.75375,-1.6525,-0.60375,-1.395,69.75,1.00125,123.3875,289.5,0.75875,2.3625,3.56125,81.5625
E49F,-30.6277777778,1.9044444444,13.2711111111,5.9777777778,5.8433333333,2.11,127.8888888889,16.4555555556,12.9222222222,17.2488888889,0.6055555556,1.2322222222,0.5955555556,1.8322222222,1.0266666667,1.1055555556,0.8644444444,0.9377777778,31.8888888889,0.9322222222,0.3711111111,4.7322222222,6.5344444444,1.0933333333,1.0977777778,0.8411111111,91.5277777778,1.81,4.3977777778,13.6333333333,147.7333333333,41.6777777778,105.7,-1.1666666667,-1.8977777778,-0.7333333333,-4.1744444444,3.0077777778,25.3755555556,1.4688888889,5.4633333333,-4.0033333333,0.3033333333,1.2844444444,-0.9833333333,3.8888888889,1.2222222222,1.3333333333,0.7777777778,1.0711111111,0.9477777778,39.5555555556,7.2,80.3888888889,1.6888888889,1.06,0.9166666667,1.0355555556,1.9044444444,3.6111111111,1.0711111111,1.0344444444,1.0193333333,4.6222222222,4.3877777778,0.6111111111,-1.0333333333,1.1377777778,1.0822222222,13.5955555556,1.07,0.9155555556,2.9911111111,1.0655555556,0.9377777778,0.3616666667,1.3411111111,1.55,-0.5982222222,0.3955555556,0.1586666667,4.4344444444,8.3566666667,2.7811111111,4.7322222222,0.9477777778,0.9002222222,0.9243333333,20.7344444444,162.7777777778,1.0111111111,-1.2355555556,1.85,6.6777777778,1.1055555556,7.9666666667,1.9311111111,16.4555555556,12.9222222222,1.0722222222,0.0433333333,0.9772222222,24.4444444444,31.1111111111,39.2222222222,38.2222222222,5.26,4.4811111111,0.7344444444,3.4666666667,3.3044444444,15.7333333333,148.6,0.65,1.3611111111,-0.4744444444,0.4632222222,0.3933333333,2.82,-2.3533333333,-0.7833333333,-1.7566666667,66.5555555556,1.1455555556,128.0322222222,288.8888888889,0.8733333333,2.4266666667,3.8344444444,85.1555555556
E49W,-30.589,2.091,13.34,5.59,5.848,2.137,135.5,16.971,13.33,19.777,0.626,1.212,0.619,1.836,1.032,1.132,0.874,0.92,34.8,0.916,0.374,4.884,6.579,1.117,1.128,0.803,96.766,1.819,4.441,13.818,153.84,41.46,111.91,-1.43,-2.179,-0.748,-4.656,3.226,26.607,1.881,6.263,-4.39,0.451,1.603,-1.154,4.5,1.3,1.4,0.765,1.079,0.92,51.9,7.02,89.35,1.71,1.071,0.899,0.994,2.091,3.33,1.082,1.048,1.0099,4.56,4.227,0.616,-1.27,1.178,1.149,13.629,1.07,0.934,3.074,1.072,0.931,0.3486,1.472,1.915,-0.6223,0.481,0.1837,4.188,8.362,2.788,4.884,0.928,0.895,0.9186,20.997,172,0.81,-1.398,1.965,6.54,1.132,7.74,1.769,16.977,13.34,1.112,-0.006,0.9699,27.9,34.9,47.1,46,4.788,4.151,0.731,3.766,3.538,16.61,154.72,0.566,1.307,-0.584,0.4683,0.341,2.718,-2.039,-0.833,-1.913,61.7,1.291,135.653,288.2,1.011,2.505,4.041,90.18
E49H,-30.7027272727,1.98,13.2563636364,9.7727272727,6.0063636364,2.1081818182,137.2727272727,16.6709090909,12.8636363636,19.9618181818,0.5327272727,1.2127272727,0.6118181818,1.8290909091,1.0290909091,1.1081818182,0.8809090909,0.9336363636,35,0.9054545455,0.3681818182,4.7645454545,6.5081818182,1.0963636364,1.0763636364,0.9327272727,96.95,1.8336363636,4.38,13.8181818182,154.9272727273,42.9363636364,111.5454545455,-1.6072727273,-2.4872727273,-0.8781818182,-4.8536363636,3.2463636364,26.0109090909,2.0690909091,6.3881818182,-4.3263636364,0.4609090909,1.5290909091,-1.07,4.6363636364,1.3636363636,1.4545454545,0.95,1.0545454545,0.9181818182,51.4545454545,7.3272727273,89.9545454545,1.8090909091,1.07,0.8927272727,0.9645454545,1.98,3.1545454545,1.0672727273,1.0554545455,1.0073636364,4.5545454545,4.3572727273,0.5136363636,-1.2,1.1554545455,1.1463636364,13.4954545455,1.0690909091,0.9136363636,3.0136363636,1.0536363636,0.9154545455,0.3350909091,1.3936363636,1.8572727273,-0.6148181818,0.3181818182,0.1879090909,4.2145454545,8.3154545455,2.7681818182,4.7645454545,0.9063636364,0.8938181818,0.9179090909,21.1854545455,174.0909090909,0.5090909091,-1.1718181818,1.8863636364,6.7090909091,1.1081818182,7.8727272727,1.7081818182,16.6781818182,12.8727272727,1.0772727273,-0.0109090909,0.9680909091,18.7272727273,26.7272727273,40.5454545455,39,4.6072727273,3.9090909091,0.7545454545,3.6518181818,3.4945454545,16.1272727273,155.4909090909,0.43,1.2481818182,-0.5054545455,0.3684545455,0.2936363636,3.0654545455,-2.0036363636,-0.7572727273,-1.8509090909,62.0909090909,1.2318181818,137.4263636364,287.1818181818,0.9309090909,2.5490909091,4.1881818182,90.3363636364
E49K,-30.8441666667,1.9516666667,13.0691666667,13.0833333333,6.3175,2.1141666667,138,16.5908333333,12.0833333333,20.0725,0.3633333333,1.2008333333,0.5858333333,1.7908333333,1.04,1.0775,0.8916666667,0.9383333333,35.9166666667,0.925,0.3408333333,4.5166666667,6.3725,1.0991666667,1.0358333333,0.9925,97.9125,1.8441666667,4.2475,13.6316666667,158.2833333333,48.3166666667,109.5416666667,-1.6558333333,-2.7775,-0.9466666667,-4.8675,3.2116666667,25.3166666667,2.0525,6.1533333333,-4.1075,0.3958333333,1.2808333333,-0.8866666667,4.6666666667,1.25,1.6666666667,1.0125,1.0383333333,0.91,31.5,7.6583333333,92.375,2.1,1.045,0.9025,0.9883333333,1.9516666667,3.2333333333,1.0425,1.0733333333,1.0145,4.8333333333,4.6541666667,0.4633333333,-0.85,1.1175,1.1125,13.3175,1.0458333333,0.925,2.865,1.0333333333,0.9091666667,0.32925,1.3733333333,1.3541666667,-0.5885833333,0.1491666667,0.1905,4.7533333333,8.0991666667,2.7141666667,4.5166666667,0.9108333333,0.906,0.9440833333,20.7916666667,176.25,0.1916666667,-0.8691666667,1.8541666667,6.9916666667,1.0775,7.8416666667,1.6991666667,16.5975,12.0916666667,1.0425,-0.0641666667,0.97925,15.1666666667,7.4166666667,26.8333333333,35,5.0733333333,4.3891666667,0.7833333333,3.5241666667,3.4116666667,15.2916666667,156.075,0.3275,1.1566666667,-0.3216666667,0.2819166667,0.185,1.8166666667,-1.195,-0.61,-1.3733333333,61.5833333333,1.0816666667,138.1566666667,281.9166666667,0.7708333333,2.4941666667,4.245,91.5666666667
E49N,-30.8484615385,1.8084615385,12.9653846154,12.3369230769,6.2476923077,2.1069230769,137.5384615385,16.3007692308,11.5692307692,19.55,0.2753846154,1.1992307692,0.57,1.7730769231,1.0115384615,1.0630769231,0.9430769231,0.9715384615,35.3076923077,0.9338461538,0.3261538462,4.3323076923,6.27,1.0553846154,1.0276923077,0.9876923077,96.3815384615,1.8438461538,4.2007692308,13.5846153846,156.4846153846,49.2538461538,106.8076923077,-1.8015384615,-3.0738461538,-1.1069230769,-4.93,3.1284615385,23.67,2.1453846154,5.96,-3.8215384615,0.3423076923,1.0261538462,-0.6846153846,4.6153846154,1.3076923077,1.6923076923,1.3384615385,1.0092307692,0.9661538462,23.5384615385,7.9615384615,89.5769230769,2.1076923077,1.0215384615,0.9530769231,1,1.8084615385,3.2153846154,1.01,1.04,1.0223846154,4.9153846154,4.7761538462,0.3607692308,-0.7692307692,1.0776923077,1.0746153846,13.1715384615,1.0223076923,0.9207692308,2.7753846154,1.0092307692,0.9453846154,0.3215384615,1.2723076923,1.0461538462,-0.5726923077,0.2384615385,0.1861538462,4.8153846154,7.9507692308,2.68,4.3323076923,0.9392307692,0.9121538462,0.9513076923,21.87,175,-0.1384615385,-0.6276923077,1.7107692308,7.2230769231,1.0630769231,7.7153846154,1.5753846154,16.3069230769,11.5769230769,1.0246153846,-0.0646153846,0.9845384615,6.8461538462,0.3846153846,19.1538461538,26.4615384615,5.1061538462,4.7530769231,0.8153846154,3.3953846154,3.3669230769,14.7,154.7076923077,0.2384615385,1.0961538462,-0.2346153846,0.1897692308,0.1353846154,0.8338461538,-0.6192307692,-0.5146153846,-1.1938461538,67.1538461538,0.9523076923,137.6923076923,278.3846153846,0.6653846154,2.4253846154,4.2546153846,90.3461538462
E49Q,-30.9735714286,1.6792857143,12.8807142857,11.7078571429,6.205,2.1114285714,138.1428571429,16.1685714286,11.3857142857,19.4078571429,0.195,1.1935714286,0.5578571429,1.755,1.0185714286,1.0657142857,0.9457142857,0.9642857143,35.3571428571,0.9435714286,0.3107142857,4.2157142857,6.2114285714,1.05,1.04,1.0335714286,96.2042857143,1.8571428571,4.1192857143,13.515,157.0857142857,50.8428571429,105.8428571429,-1.9528571429,-3.3628571429,-1.2528571429,-5.0228571429,3.07,22.2464285714,2.2557142857,5.8535714286,-3.6042857143,0.3014285714,0.8271428571,-0.5264285714,4.6428571429,1.4285714286,1.7857142857,1.3428571429,1.01,0.9642857143,13.5,8.1428571429,89.25,2.1071428571,1.0121428571,0.9407142857,0.9878571429,1.6792857143,3.1571428571,1.0078571429,1.0471428571,1.0325714286,5,4.8728571429,0.3121428571,-0.7,1.0685714286,1.0821428571,13.0707142857,1.0128571429,0.9357142857,2.7021428571,1.0214285714,0.9357142857,0.3219285714,1.1814285714,0.7742857143,-0.5607142857,0.1414285714,0.1857142857,4.7678571429,7.8592857143,2.6635714286,4.2157142857,0.9414285714,0.9217857143,0.9655,21.4092857143,175.3571428571,-0.0428571429,-0.4314285714,1.5814285714,7.3214285714,1.0657142857,7.7714285714,1.4628571429,16.1742857143,11.3928571429,1.0385714286,-0.0835714286,0.9882857143,-3.5714285714,-8.7857142857,11,18.3571428571,5.1157142857,4.8007142857,0.8421428571,3.3071428571,3.2957142857,14.2571428571,154.8285714286,0.1657142857,1.0335714286,-0.1392857143,0.1115714286,0.0664285714,0.6785714286,-0.2978571429,-0.4378571429,-1,69,0.8685714286,138.2964285714,271.7142857143,0.6021428571,2.3635714286,4.2028571429,90.3
E49D,-31.1166666667,1.6113333333,12.762,14.2406666667,5.976,2.1046666667,137.8,15.8693333333,10.8133333333,18.914,0.242,1.1913333333,0.544,1.7393333333,1.018,1.0306666667,0.98,0.9806666667,34.7333333333,0.9566666667,0.2993333333,4.108,6.1273333333,1.0153333333,1.1126666667,1.002,94.7126666667,1.8533333333,4.0346666667,13.388,155.4266666667,51.6133333333,103.4266666667,-2.0206666667,-3.5453333333,-1.3766666667,-4.9906666667,2.97,20.9453333333,2.298,5.778,-3.486,0.276,0.784,-0.5086666667,4.6,1.4666666667,1.8,1.4266666667,1.0273333333,0.962,18.6,7.9666666667,86.9666666667,1.9733333333,1.0373333333,0.918,0.9553333333,1.6686666667,3.0333333333,1.0186666667,1.024,1.0277333333,4.6,4.6633333333,0.27,-0.72,1.0746666667,1.0926666667,13.1746666667,1.0233333333,0.946,2.746,1.0286666667,0.9406666667,0.336,1.174,1.0333333333,-0.568,0.1453333333,0.1818666667,4.398,8.064,2.71,4.1366666667,0.932,0.9203333333,0.9588666667,21.9046666667,172.6666666667,0.2533333333,-0.536,1.5226666667,7.2,1.074,7.8066666667,1.464,15.9933333333,10.82,1.0133333333,-0.0933333333,0.9828,4.4,0.9333333333,22.4,30.0666666667,4.7953333333,4.5086666667,0.8226666667,3.346,3.224,14.8133333333,152.1333333333,0.194,1.06,-0.2,0.1149333333,0.1173333333,0.9246666667,-0.576,-0.4726666667,-1.336,65.7333333333,0.836,137.1533333333,265.4666666667,0.6646666667,2.324,4.15,88.8333333333
E49C,-31.223125,1.605625,12.858125,13.443125,5.918125,2.07625,136.75,15.71875,10.3125,19.9675,0.245,1.2025,0.551875,1.758125,0.998125,1.040625,0.993125,0.99375,34.125,0.95125,0.31625,4.040625,6.235625,0.9725,1.090625,1.035,93.024375,1.855,4.129375,13.511875,153.99375,49.50625,104.10625,-1.996875,-3.443125,-1.3075,-4.893125,2.89625,20.224375,2.32375,5.956875,-3.638125,0.32625,1.060625,-0.735625,4.4375,1.375,1.75,1.396875,1,0.989375,11.75,8.28125,84.90625,2.25625,1.015625,0.954375,0.94375,1.605625,3.06875,0.999375,1.016875,1.0280625,4.66875,4.749375,0.20625,-0.51875,1.0375,1.05375,13.029375,1.004375,0.97375,2.67875,1.020625,0.946875,0.3319375,1.129375,0.71125,-0.55475,0.115625,0.1770625,4.30125,7.94625,2.68375,4.040625,0.961875,0.9249375,0.965875,21.74,171.25,-0.0375,-0.404375,1.46125,7.5625,1.040625,7.75625,1.4125,15.72375,10.31875,1.07625,-0.096875,0.988125,-1.9375,-4,19.1875,28.1875,5.03125,4.77125,0.855625,3.24625,3.168125,14.4,151.075,0.13,1.02625,-0.136875,0.025875,0.02875,0.124375,0.018125,-0.398125,-1.1675,68.25,0.70875,136.9,265.75,0.575,2.27875,4.126875,87.55625
E49M,-31.2205882353,1.6094117647,12.9029411765,12.7364705882,5.9076470588,2.0882352941,137.4705882353,15.75,10.5705882353,20.0658823529,0.2682352941,1.2082352941,0.5576470588,1.77,1.0247058824,1.0411764706,0.97,0.97,34.6470588235,0.9411764706,0.3223529412,4.1094117647,6.2447058824,0.9888235294,1.0694117647,1.0605882353,93.7494117647,1.8794117647,4.13,13.5323529412,156.1,49.0235294118,106.6823529412,-1.9147058824,-3.2823529412,-1.2364705882,-4.85,2.9352941176,20.8976470588,2.2535294118,6.0217647059,-3.7729411765,0.3382352941,1.1682352941,-0.8311764706,4.4117647059,1.2941176471,1.8235294118,1.3470588235,0.9929411765,0.9652941176,18.1764705882,8.1294117647,86.0882352941,2.1647058824,1.0182352941,0.9158823529,0.9147058824,1.6094117647,2.9529411765,1.0023529412,1.0647058824,1.0232941176,4.4764705882,4.6135294118,0.2417647059,-0.5647058824,1.0464705882,1.0558823529,13.1094117647,1.0088235294,0.9376470588,2.7694117647,1.0364705882,0.9276470588,0.3344705882,1.1323529412,0.8758823529,-0.5608823529,0.1176470588,0.1796470588,4.1764705882,8.0570588235,2.7129411765,4.1094117647,0.9282352941,0.9178235294,0.955,21.6735294118,172.0588235294,0.1,-0.4788235294,1.4517647059,7.4294117647,1.0411764706,7.7941176471,1.4117647059,15.7547058824,10.5882352941,1.0547058824,-0.1205882353,0.986,2.7647058824,0.5294117647,22.8823529412,31.8235294118,4.8452941176,4.5258823529,0.8441176471,3.2688235294,3.2117647059,14.4764705882,151.9470588235,0.1547058824,1.0705882353,-0.1717647059,0.0843529412,0.0911764706,0.5564705882,-0.4023529412,-0.4547058824,-1.3141176471,69.7647058824,0.8082352941,137.6241176471,266.7647058824,0.6135294118,2.2829411765,4.1664705882,88.1529411765
E49T,-31.2211111111,1.5238888889,12.8594444444,12.1211111111,5.8938888889,2.0888888889,136.4444444444,15.7511111111,10.5111111111,19.5627777778,0.2505555556,1.2105555556,0.5555555556,1.77,1.0138888889,1.0494444444,0.9694444444,0.9761111111,34.2777777778,0.9422222222,0.3172222222,4.0255555556,6.2205555556,0.9755555556,1.0794444444,1.0272222222,92.8094444444,1.8622222222,4.1277777778,13.4861111111,154.6722222222,49.1888888889,105.0888888889,-1.9177777778,-3.3033333333,-1.2616666667,-4.8244444444,2.9066666667,20.6316666667,2.225,5.9327777778,-3.7122222222,0.3061111111,1.1055555556,-0.8005555556,4.3333333333,1.2777777778,1.7777777778,1.275,1.0044444444,0.9694444444,14.1666666667,8.1555555556,84.6944444444,2.1277777778,1.0305555556,0.9255555556,0.9377777778,1.5238888889,2.9944444444,1.0122222222,1.0483333333,1.0260555556,4.4944444444,4.6438888889,0.2088888889,-0.5555555556,1.0505555556,1.0694444444,13.0305555556,1.0183333333,0.9538888889,2.7288888889,1.0472222222,0.9333333333,0.3374444444,1.0722222222,0.7605555556,-0.5583333333,0.0266666667,0.1756666667,4.4222222222,8.0027777778,2.7038888889,4.0255555556,0.9338888889,0.9228333333,0.9598888889,21.5205555556,170.2777777778,0.1666666667,-0.4755555556,1.3955555556,7.3833333333,1.0494444444,7.75,1.3633333333,15.7555555556,10.5277777778,1.0561111111,-0.12,0.9866111111,2.2222222222,0.3333333333,22.7222222222,31.9444444444,4.8738888889,4.7716666667,0.8555555556,3.2083333333,3.1694444444,14.2444444444,150.5055555556,0.145,1.0605555556,-0.1272222222,0.0636111111,0.0466666667,0.2572222222,-0.1566666667,-0.4155555556,-1.1977777778,71.2777777778,0.7922222222,136.5961111111,266,0.5938888889,2.3244444444,4.1111111111,87.2111111111
E49S,-31.1505263158,1.4473684211,12.7973684211,11.5710526316,5.8826315789,2.0952631579,134.7894736842,15.4205263158,10.3210526316,18.8673684211,0.2278947368,1.2152631579,0.55,1.7689473684,1.0010526316,1.0336842105,0.9936842105,0.9952631579,33.5263157895,0.9521052632,0.3126315789,3.9415789474,6.1842105263,0.9610526316,1.0652631579,1.0189473684,91.1152631579,1.8468421053,4.1078947368,13.4810526316,152.3947368421,49.1631578947,102.8631578947,-2.0178947368,-3.4547368421,-1.3194736842,-4.8831578947,2.8652631579,19.8689473684,2.2878947368,5.9257894737,-3.6421052632,0.2689473684,1.0389473684,-0.7710526316,4.2105263158,1.2105263158,1.7368421053,1.2657894737,1.0068421053,0.9831578947,10.2631578947,8.2105263158,81.9210526316,2.1052631579,1.0336842105,0.9394736842,0.9521052632,1.4473684211,3.0736842105,1.0073684211,1.0184210526,1.0335789474,4.5342105263,4.6821052632,0.2005263158,-0.5105263158,1.0384210526,1.0589473684,12.9357894737,1.0194736842,0.9857894737,2.6805263158,1.0326315789,0.9547368421,0.3383157895,1.0184210526,0.5710526316,-0.5528947368,-0.0184210526,0.1696842105,4.5463157895,7.9463157895,2.6984210526,3.9415789474,0.9547368421,0.9298421053,0.9663157895,21.4378947368,167.3684210526,0.0684210526,-0.4452631579,1.3242105263,7.3894736842,1.0336842105,7.7631578947,1.2989473684,15.4247368421,10.3368421053,1.0394736842,-0.1321052632,0.9897368421,0.3157894737,-1.0526315789,19.7368421053,28.3684210526,4.9021052632,5.0257894737,0.8631578947,3.1268421053,3.0984210526,13.9263157895,147.9526315789,0.1347368421,1.05,-0.0984210526,0.0306315789,0.0152631579,-0.0831578947,0.0663157895,-0.3647368421,-1.0431578947,73.8421052632,0.7510526316,134.9378947368,264,0.5605263158,2.2710526316,4.0368421053,85.5105263158
