mut	rs_id	class
C102G	rs104895336	Cancers
C61T	rs104895356	Cancers
C87A	rs104895427	Cancers
C50T	rs104895502	Cancers
C41T	rs104895509	Cancers
C73T	rs104895529	Cancers
C14T	rs104895549	Cancers
A07T	rs10489579	Cancers
T4C	rs1048988	Cancers
C01A	rs1048994	Cancers
A229C	rs10489990	Cancers
A078T	rs1049125	Cancers
C323A	rs1049150	Cancers
C071G	rs1049205	Cancers
G390A	rs1049215	Cancers
G168A	rs1049254	Cancers
G168T	rs1049267	Cancers
G139T	rs1049296	Cancers
G7A	rs10493821	Cancers
G33A	rs1049402	Cancers
G93A	rs1049416	Cancers
G327A	rs10494217	Cancers
A328C	rs1049434	Cancers
G67T	rs10494751	Cancers
G241T	rs1049534	Cancers
G68A	rs1049544	Cancers
C57T	rs1049550	Cancers
G56T	rs1049564	Cancers
G3A	rs10497199	Cancers
G3T	rs10497410	Cancers
G72A	rs10497520	Cancers
G37T	rs1049793	Cancers
G8C	rs1049874	Cancers
C46T	rs1049874	Cancers
C57T	rs1049970	Cancers
C298T	rs10500311	Cancers
C231T	rs1050032491	Cancers
C195A	rs10501	Cancers
C123T	rs1050110	Cancers
G307C	rs10501429	Cancers
G87C	rs1050152	Cancers
G94A	rs10502001	Cancers
A6T	rs1050228	Cancers
T1C	rs1050354	Cancers
A2G	rs1050379	Cancers
A23C	rs1050388	Cancers
G96A	rs1050450	Cancers
T76C	rs1050457	Cancers
T67C	rs1050458	Cancers
C0G	rs1050462	Cancers
C0A	rs10504829	Cancers
A05C	rs1050486	Cancers
A05G	rs1050499	Cancers
A94T	rs1050501	Cancers
C61G	rs1050529	Cancers
C52A	rs1050565	Cancers
T48C	rs1050570	Cancers
T99G	rs10505830	Cancers
G91A	rs1050654	Cancers
G20T	rs1050696	Cancers
C11T	rs10507047	Cancers
C93T	rs10507051	Cancers
C69G	rs1050828	Cancers
A15G	rs1050828	Cancers
A28G	rs1050829	Cancers
C3G	rs10509305	Cancers
C95T	rs10510108	Cancers
T06A	rs10510592	Cancers
A42G	rs1051061	Cancers
A42T	rs10511	Cancers
G07A	rs1051130	Cancers
G89C	rs1051152	Cancers
T46G	rs10511670	Cancers
T29G	rs1051168	Cancers
G93A	rs10512472	Cancers
A01G	rs1051303	Cancers
C39T	rs1051311	Cancers
C79G	rs10513155	Cancers
G33T	rs1051321465	Cancers
C28T	rs1051338	Cancers
C71T	rs1051339	Cancers
G70T	rs10513680	Cancers
C71A	rs10513762	Cancers
A18T	rs1051393	Cancers
A74T	rs1051447	Cancers
G26A	rs1051454	Cancers
C94T	rs1051456	Cancers
G90A	rs1051488	Cancers
C66T	rs1051489	Cancers
G75A	rs1051505	Cancers
A3G	rs1051564593	Cancers
C30T	rs10516487	Cancers
G05T	rs1051653507	Cancers
C28T	rs1051738	Cancers
T22C	rs1051740	Cancers
C2G	rs1051753269	Cancers
A04C	rs1051790	Cancers
G087A	rs10519	Cancers
A82G	rs1051992	Cancers
C33G	rs10519996	Cancers
G91A	rs1052030	Cancers
C46G	rs1052053	Cancers
G6A	rs1052133	Cancers
T56A	rs1052200	Cancers
G54T	rs1052422	Cancers
A50G	rs1052500	Cancers
G28T	rs1052571	Cancers
C78T	rs1052607	Cancers
C2T	rs1052637	Cancers
G07T	rs1052692	Cancers
A55C	rs1052748	Cancers
A35C	rs1052908	Cancers
G97A	rs1053077	Cancers
G45C	rs1053079	Cancers
G51A	rs1053230	Cancers
G33C	rs1053266	Cancers
GA	rs1053312	Cancers
G67A	rs1053346	Cancers
G16T	rs1053839	Cancers
G58T	rs1053959	Cancers
G14A	rs1053966	Cancers
A19C	rs1054090	Cancers
C8T	rs1054480	Cancers
C9T	rs1054487	Cancers
T96G	rs1054515	Cancers
C54A	rs1054565	Cancers
T2C	rs1054627	Cancers
A9G	rs1054628	Cancers
T01G	rs1054629	Cancers
G0A	rs1054644	Cancers
C75A	rs1054645	Cancers
T63C	rs1054707	Cancers
A967G	rs1054770	Cancers
A214G	rs1054940	Cancers
G651A	rs1055130	Cancers
T532G	rs1055138	Cancers
T99A	rs1055176141	Cancers
C165T	rs1055246	Cancers
C517T	rs1055491	Cancers
C304T	rs1055710	Cancers
C277T	rs10558	Cancers
C199T	rs1055935	Cancers
C77T	rs1056042	Cancers
C291T	rs1056104	Cancers
G222A	rs1056148	Cancers
A152C	rs1056149	Cancers
A152G	rs1056185	Cancers
T131A	rs1056320	Cancers
T056G	rs1056513	Cancers
C045T	rs1056522	Cancers
C036T	rs1056523	Cancers
G024C	rs1056538	Cancers
C997G	rs1056695	Cancers
C883T	rs1056719	Cancers
C835T	rs1056820	Cancers
C781T	rs1056827	Cancers
C328G	rs1056892	Cancers
G253A	rs1056899	Cancers
G169A	rs1057027	Cancers
G049A	rs1057028	Cancers
A009C	rs1057040	Cancers
T46C	rs1057066	Cancers
C55T	rs1057077	Cancers
A01T	rs1057090	Cancers
G219A	rs1057114	Cancers
G093A	rs1057141	Cancers
G904A	rs1057192	Cancers
G746T	rs1057335	Cancers
C621T	rs1057353	Cancers
G568A	rs1057389	Cancers
C264T	rs1057463	Cancers
C189T	rs1057515571	Cancers
G187A	rs1057515809	Cancers
G022A	rs1057515811	Cancers
G50T	rs1057515879	Cancers
C04T	rs1057516081	Cancers
G42A	rs1057516088	Cancers
C41T	rs1057516097	Cancers
G33A	rs1057516098	Cancers
G73A	rs1057516099	Cancers
G04A	rs1057516108	Cancers
C91T	rs1057516110	Cancers
C666A	rs1057516120	Cancers
G668C	rs1057516124	Cancers
A091T	rs1057517536	Cancers
G041C	rs1057517537	Cancers
C182T	rs1057517539	Cancers
C183T	rs1057517541	Cancers
C104T	rs1057517550	Cancers
C015T	rs1057517552	Cancers
C937T	rs1057517562	Cancers
C825T	rs1057517563	Cancers
C349T	rs1057517565	Cancers
C118G	rs1057517566	Cancers
C118T	rs1057517574	Cancers
C105T	rs1057517575	Cancers
C103T	rs1057517583	Cancers
C084T	rs1057517585	Cancers
C075G	rs1057517586	Cancers
C057A	rs1057517589	Cancers
C057T	rs1057517594	Cancers
C058T	rs1057517595	Cancers
C033A	rs1057517596	Cancers
C013G	rs1057517600	Cancers
>012_1013CCT	rs1057517601	Cancers
C012G	rs1057517602	Cancers
C89A	rs1057517613	Cancers
C31G	rs1057517636	Cancers
C13T	rs1057517643	Cancers
C91T	rs1057517711	Cancers
C87T	rs1057517813	Cancers
C82T	rs1057517825	Cancers
C73A	rs1057517831	Cancers
C422A	rs1057517840	Cancers
A300T	rs1057517898	Cancers
A015T	rs1057517917	Cancers
G017A	rs1057517925	Cancers
T021G	rs1057517935	Cancers
T021A	rs1057517967	Cancers
T913A	rs1057518038	Cancers
C723A	rs1057518068	Cancers
T226G	rs1057518083	Cancers
T079C	rs1057518092	Cancers
T064G	rs1057518116	Cancers
C79G	rs1057518190	Cancers
G392C	rs1057518292	Cancers
A27G	rs1057518294	Cancers
G242T	rs1057518350	Cancers
G213A	rs1057518359	Cancers
G192A	rs1057518414	Cancers
G155A	rs1057518428	Cancers
G125A	rs1057518467	Cancers
G122A	rs1057518490	Cancers
G111A	rs1057518512	Cancers
G083A	rs1057518569	Cancers
G029A	rs1057518621	Cancers
G985A	rs1057518635	Cancers
G775A	rs1057518636	Cancers
G540A	rs1057518637	Cancers
G321A	rs1057518638	Cancers
G48A	rs1057518639	Cancers
T925C	rs1057518640	Cancers
G077A	rs1057518641	Cancers
G831A	rs1057518704	Cancers
G576A	rs1057518756	Cancers
G510A	rs1057518921	Cancers
G504A	rs1057518933	Cancers
G474A	rs1057518945	Cancers
G38C	rs1057518950	Cancers
G224A	rs1057519045	Cancers
A012T	rs1057519073	Cancers
G927A	rs1057519099	Cancers
C785A	rs1057519101	Cancers
G756A	rs1057519207	Cancers
C452G	rs1057519249	Cancers
G423A	rs1057519255	Cancers
T240C	rs1057519257	Cancers
G145A	rs1057519258	Cancers
G990A	rs1057519355	Cancers
G942A	rs1057519364	Cancers
G837A	rs1057519365	Cancers
G726T	rs1057519367	Cancers
C625T	rs1057519368	Cancers
G594A	rs1057519384	Cancers
G402A	rs1057519430	Cancers
C385T	rs1057519492	Cancers
G384T	rs1057519493	Cancers
C376G	rs1057519494	Cancers
G333A	rs1057519495	Cancers
C238T	rs1057519496	Cancers
C98A	rs1057519558	Cancers
C28T	rs1057519559	Cancers
C00T	rs1057519625	Cancers
G63A	rs1057519693	Cancers
G4A	rs1057519694	Cancers
A17C	rs1057519695	Cancers
A00T	rs1057519696	Cancers
T87C	rs1057519697	Cancers
A30G	rs1057519698	Cancers
G48A	rs1057519699	Cancers
G186T	rs1057519700	Cancers
G56A	rs1057519701	Cancers
G63A	rs1057519703	Cancers
C019T	rs1057519704	Cancers
C62T	rs1057519705	Cancers
C70T	rs1057519708	Cancers
T117A	rs1057519709	Cancers
C079T	rs1057519710	Cancers
G232A	rs1057519710	Cancers
G217T	rs1057519711	Cancers
G202A	rs1057519713	Cancers
C79T	rs1057519714	Cancers
C8A	rs1057519717	Cancers
C2T	rs1057519718	Cancers
G58A	rs1057519719	Cancers
G52A	rs1057519720	Cancers
C18T	rs1057519720	Cancers
G16T	rs1057519725	Cancers
C70T	rs1057519726	Cancers
C59T	rs1057519727	Cancers
C28T	rs1057519728	Cancers
C13A	rs1057519728	Cancers
C13T	rs1057519729	Cancers
C21T	rs1057519730	Cancers
C48T	rs1057519732	Cancers
C38G	rs1057519733	Cancers
G87T	rs1057519734	Cancers
A53T	rs1057519736	Cancers
C62G	rs1057519738	Cancers
C17A	rs1057519739	Cancers
C21A	rs1057519739	Cancers
G35T	rs1057519740	Cancers
G52C	rs1057519741	Cancers
G89T	rs1057519742	Cancers
G214C	rs1057519742	Cancers
G56A	rs1057519743	Cancers
G15T	rs1057519747	Cancers
G0A	rs1057519747	Cancers
>5_36GGA	rs1057519747	Cancers
C104A	rs1057519749	Cancers
C67A	rs1057519750	Cancers
A24G	rs1057519751	Cancers
G23A	rs1057519753	Cancers
G210A	rs1057519754	Cancers
G22A	rs1057519757	Cancers
>38_439GGA	rs1057519758	Cancers
G87A	rs1057519759	Cancers
G81A	rs1057519760	Cancers
G00T	rs1057519761	Cancers
G61A	rs1057519762	Cancers
G0A	rs1057519763	Cancers
C46T	rs1057519764	Cancers
A84G	rs1057519766	Cancers
A76G	rs1057519771	Cancers
A98C	rs1057519772	Cancers
G90A	rs1057519773	Cancers
A17G	rs1057519773	Cancers
G39A	rs1057519774	Cancers
G94A	rs1057519775	Cancers
A070G	rs1057519776	Cancers
T172C	rs1057519777	Cancers
G87A	rs1057519778	Cancers
G330A	rs1057519779	Cancers
C3T	rs1057519781	Cancers
G28A	rs1057519782	Cancers
T648A	rs1057519783	Cancers
C619T	rs1057519784	Cancers
A618G	rs1057519786	Cancers
C07A	rs1057519786	Cancers
C028A	rs1057519787	Cancers
AT	rs1057519787	Cancers
T19C	rs1057519788	Cancers
A98C	rs1057519791	Cancers
G241A	rs1057519792	Cancers
A86G	rs1057519793	Cancers
A25T	rs1057519795	Cancers
T31A	rs1057519796	Cancers
C432A	rs1057519797	Cancers
C01A	rs1057519798	Cancers
G32T	rs1057519799	Cancers
A23C	rs1057519800	Cancers
A9G	rs1057519800	Cancers
G265A	rs1057519803	Cancers
G0T	rs1057519804	Cancers
G1A	rs1057519805	Cancers
G83T	rs1057519806	Cancers
T020A	rs1057519807	Cancers
A130T	rs1057519808	Cancers
G129C	rs1057519809	Cancers
G283T	rs1057519810	Cancers
A57C	rs1057519816	Cancers
C10T	rs1057519816	Cancers
A8C	rs1057519817	Cancers
T89C	rs1057519824	Cancers
G41T	rs1057519826	Cancers
G58A	rs1057519827	Cancers
G53A	rs1057519828	Cancers
T85C	rs1057519829	Cancers
A11T	rs1057519831	Cancers
G72T	rs1057519832	Cancers
T44G	rs1057519833	Cancers
A62T	rs1057519834	Cancers
G24T	rs1057519841	Cancers
G61T	rs1057519847	Cancers
T040C	rs1057519853	Cancers
A37G	rs1057519854	Cancers
G90A	rs1057519855	Cancers
C84T	rs1057519856	Cancers
G091A	rs1057519857	Cancers
C090T	rs1057519858	Cancers
A39T	rs1057519859	Cancers
G65A	rs1057519860	Cancers
G49A	rs1057519861	Cancers
G0A	rs1057519862	Cancers
T96G	rs1057519864	Cancers
G63C	rs1057519865	Cancers
G17A	rs1057519866	Cancers
G90A	rs1057519869	Cancers
C17T	rs1057519872	Cancers
A69G	rs1057519874	Cancers
C02T	rs1057519874	Cancers
G157C	rs1057519877	Cancers
G12T	rs1057519879	Cancers
T574C	rs1057519879	Cancers
G79A	rs1057519880	Cancers
T5C	rs1057519882	Cancers
G95A	rs1057519883	Cancers
C450T	rs1057519884	Cancers
C405T	rs1057519884	Cancers
C625T	rs1057519885	Cancers
A147G	rs1057519888	Cancers
C3T	rs1057519889	Cancers
>6_27CCT	rs1057519889	Cancers
C135T	rs1057519890	Cancers
C508T	rs1057519891	Cancers
C286T	rs1057519891	Cancers
G019A	rs1057519892	Cancers
C12T	rs1057519893	Cancers
A60G	rs1057519893	Cancers
G648A	rs1057519894	Cancers
G537A	rs1057519894	Cancers
G438T	rs1057519895	Cancers
G393T	rs1057519899	Cancers
C432T	rs1057519900	Cancers
C360T	rs1057519901	Cancers
C330T	rs1057519902	Cancers
C252T	rs1057519905	Cancers
C31T	rs1057519906	Cancers
G61A	rs1057519906	Cancers
C60T	rs1057519909	Cancers
G8A	rs1057519911	Cancers
G13T	rs1057519912	Cancers
C12T	rs1057519912	Cancers
G4A	rs1057519913	Cancers
C3T	rs1057519914	Cancers
G37C	rs1057519915	Cancers
G37T	rs1057519916	Cancers
G56A	rs1057519917	Cancers
G602T	rs1057519918	Cancers
C65G	rs1057519919	Cancers
C44G	rs1057519920	Cancers
A10G	rs1057519920	Cancers
C755T	rs1057519920	Cancers
C737A	rs1057519921	Cancers
C66T	rs1057519922	Cancers
C555T	rs1057519923	Cancers
C441T	rs1057519925	Cancers
C306T	rs1057519925	Cancers
C307T	rs1057519926	Cancers
C153T	rs1057519927	Cancers
>153_1154CCT	rs1057519927	Cancers
C057T	rs1057519927	Cancers
C0A	rs1057519928	Cancers
C95A	rs1057519929	Cancers
C85A	rs1057519930	Cancers
C19T	rs1057519931	Cancers
A23T	rs1057519932	Cancers
A86C	rs1057519933	Cancers
C87G	rs1057519934	Cancers
A22G	rs1057519935	Cancers
G608A	rs1057519936	Cancers
GA	rs1057519936	Cancers
G03A	rs1057519937	Cancers
C329G	rs1057519938	Cancers
C284G	rs1057519938	Cancers
T895G	rs1057519939	Cancers
T850G	rs1057519940	Cancers
C492G	rs1057519941	Cancers
C03A	rs1057519941	Cancers
A627C	rs1057519942	Cancers
G056T	rs1057519943	Cancers
A58G	rs1057519943	Cancers
T53G	rs1057519944	Cancers
A59G	rs1057519945	Cancers
G672A	rs1057519946	Cancers
G632A	rs1057519946	Cancers
G587A	rs1057519947	Cancers
G637T	rs1057519948	Cancers
G636A	rs1057519949	Cancers
G486A	rs1057519950	Cancers
G280A	rs1057519951	Cancers
G088A	rs1057519952	Cancers
G66A	rs1057519953	Cancers
G24A	rs1057519954	Cancers
T24G	rs1057519954	Cancers
T02A	rs1057519954	Cancers
T46C	rs1057519956	Cancers
G66A	rs1057519957	Cancers
A403T	rs1057519958	Cancers
G402C	rs1057519958	Cancers
G00A	rs1057519959	Cancers
G07A	rs1057519960	Cancers
G350T	rs1057519961	Cancers
A336G	rs1057519962	Cancers
A291G	rs1057519963	Cancers
G14A	rs1057519964	Cancers
C7G	rs1057519966	Cancers
T7A	rs1057519966	Cancers
G7T	rs1057519967	Cancers
T71G	rs1057519967	Cancers
T20G	rs1057519968	Cancers
C12T	rs1057519970	Cancers
A57T	rs1057519971	Cancers
A19G	rs1057519971	Cancers
C526T	rs1057519972	Cancers
C499T	rs1057519975	Cancers
T453A	rs1057519975	Cancers
T426A	rs1057519975	Cancers
C418T	rs1057519978	Cancers
C325T	rs1057519978	Cancers
C187T	rs1057519978	Cancers
C052T	rs1057519980	Cancers
T56G	rs1057519981	Cancers
C33A	rs1057519981	Cancers
C72A	rs1057519982	Cancers
T56A	rs1057519983	Cancers
C80T	rs1057519984	Cancers
C16G	rs1057519984	Cancers
C16T	rs1057519985	Cancers
G02A	rs1057519985	Cancers
C135A	rs1057519985	Cancers
C000A	rs1057519986	Cancers
A63C	rs1057519986	Cancers
A79C	rs1057519987	Cancers
C3T	rs1057519988	Cancers
C65T	rs1057519988	Cancers
C90T	rs1057519989	Cancers
C08T	rs1057519989	Cancers
C36T	rs1057519989	Cancers
C37T	rs1057519990	Cancers
C21T	rs1057519991	Cancers
C05A	rs1057519991	Cancers
A92T	rs1057519991	Cancers
A3G	rs1057519992	Cancers
A62G	rs1057519995	Cancers
C684T	rs1057519996	Cancers
C657T	rs1057519996	Cancers
A11G	rs1057519997	Cancers
G18T	rs1057519997	Cancers
G06C	rs1057519998	Cancers
A87G	rs1057519998	Cancers
G67C	rs1057519998	Cancers
G61T	rs1057519999	Cancers
C68A	rs1057519999	Cancers
G29A	rs1057520000	Cancers
G30A	rs1057520000	Cancers
G4A	rs1057520002	Cancers
G5A	rs1057520002	Cancers
G88T	rs1057520003	Cancers
G64T	rs1057520004	Cancers
G18T	rs1057520004	Cancers
G94T	rs1057520005	Cancers
G50T	rs1057520005	Cancers
G14A	rs1057520006	Cancers
T71C	rs1057520006	Cancers
T92A	rs1057520006	Cancers
T77A	rs1057520007	Cancers
A37G	rs1057520007	Cancers
G96A	rs1057520008	Cancers
G42A	rs1057520008	Cancers
A44C	rs1057520009	Cancers
G55A	rs1057520010	Cancers
G45A	rs1057520010	Cancers
A14G	rs1057520014	Cancers
G81T	rs1057520015	Cancers
G37T	rs1057520017	Cancers
C24A	rs1057520018	Cancers
C18A	rs1057520019	Cancers
C427T	rs1057520021	Cancers
C334T	rs1057520025	Cancers
G11T	rs1057520026	Cancers
C70A	rs1057520027	Cancers
G99T	rs1057520028	Cancers
G75C	rs1057520029	Cancers
G69A	rs1057520031	Cancers
G113A	rs1057520031	Cancers
G840A	rs1057520032	Cancers
C33T	rs1057520033	Cancers
C615A	rs1057520034	Cancers
C342A	rs1057520036	Cancers
G13A	rs1057520037	Cancers
C20A	rs1057520183	Cancers
C101T	rs1057520367	Cancers
C828T	rs1057520413	Cancers
>19_120CCT	rs1057520473	Cancers
>92_393CCT	rs1057520735	Cancers
A78C	rs1057520828	Cancers
A05C	rs1057520844	Cancers
G85A	rs1057521088	Cancers
G12A	rs1057521112	Cancers
A327G	rs1057521306	Cancers
A054G	rs1057521725	Cancers
T198C	rs1057521746	Cancers
T25C	rs1057522809	Cancers
G03A	rs1057522878	Cancers
A294G	rs1057522888	Cancers
A129G	rs1057522925	Cancers
A991G	rs1057523061	Cancers
A14G	rs1057523064	Cancers
A60G	rs1057523112	Cancers
T99A	rs1057523157	Cancers
T45A	rs1057523294	Cancers
T33A	rs1057523496	Cancers
A83G	rs1057523819	Cancers
G338T	rs1057524044	Cancers
G6A	rs1057524049	Cancers
G0A	rs1057524200	Cancers
A41G	rs1057524302	Cancers
C10T	rs1057524457	Cancers
A70C	rs1057524494	Cancers
A16C	rs1057524497	Cancers
C53T	rs1057524520	Cancers
C99T	rs1057524653	Cancers
C22T	rs1057524668	Cancers
C8T	rs1057524683	Cancers
C00T	rs1057524776	Cancers
C46T	rs1057524810	Cancers
C638T	rs1057539	Cancers
G540T	rs1057746	Cancers
G480A	rs1057994	Cancers
C479T	rs1058009	Cancers
G402T	rs1058046	Cancers
G30A	rs1058172	Cancers
G76A	rs1058219	Cancers
G751A	rs1058237	Cancers
C609T	rs1058239	Cancers
G52A	rs1058299	Cancers
G526T	rs10583	Cancers
G526A	rs1058396	Cancers
C471T	rs1058405	Cancers
G445T	rs1058411	Cancers
G28A	rs1058661	Cancers
G307T	rs1058688	Cancers
G022T	rs1058692	Cancers
G93A	rs1058885	Cancers
C92G	rs1058900	Cancers
G39A	rs1058956	Cancers
C38G	rs1058992	Cancers
C17T	rs1059240	Cancers
G4A	rs1059440	Cancers
C63T	rs1059491	Cancers
G40A	rs1059576	Cancers
C01T	rs1059580	Cancers
A180T	rs1059598	Cancers
A162G	rs1059633	Cancers
A589T	rs1059702	Cancers
C60G	rs1059703	Cancers
C06G	rs1060105	Cancers
C83T	rs1060242	Cancers
C74A	rs1060284	Cancers
C26G	rs1060374	Cancers
C243T	rs1060407	Cancers
C892T	rs1060463	Cancers
C316A	rs1060499616	Cancers
C201T	rs1060499618	Cancers
C159A	rs1060499630	Cancers
C021A	rs1060499632	Cancers
C30T	rs1060499634	Cancers
C10T	rs1060499635	Cancers
C10T	rs1060499636	Cancers
C02A	rs1060499637	Cancers
C48A	rs1060499638	Cancers
C36T	rs1060499640	Cancers
C03T	rs1060499641	Cancers
C67G	rs1060499642	Cancers
C46T	rs1060499643	Cancers
C04A	rs1060499644	Cancers
C97A	rs1060499645	Cancers
C92T	rs1060499769	Cancers
A504T	rs1060499773	Cancers
A018G	rs1060499798	Cancers
A852T	rs1060499806	Cancers
A8G	rs1060499812	Cancers
C43A	rs1060499813	Cancers
C89A	rs1060499817	Cancers
G87C	rs1060499818	Cancers
G33C	rs1060499819	Cancers
A08G	rs1060499820	Cancers
G69A	rs1060499822	Cancers
G508T	rs1060499823	Cancers
G15A	rs1060499824	Cancers
G26T	rs1060499825	Cancers
G16T	rs1060499828	Cancers
G62T	rs1060499830	Cancers
G77C	rs1060499831	Cancers
G610T	rs1060499833	Cancers
G87A	rs1060499900	Cancers
G539T	rs1060499958	Cancers
G10A	rs1060499973	Cancers
G300A	rs1060499974	Cancers
G162A	rs1060499975	Cancers
C43A	rs1060499977	Cancers
C89A	rs1060499980	Cancers
C660T	rs1060499981	Cancers
G344A	rs1060499982	Cancers
G311A	rs1060499983	Cancers
G723T	rs1060499984	Cancers
G711A	rs1060499984	Cancers
G573A	rs1060499985	Cancers
>439_1440CCT	rs1060499987	Cancers
C34T	rs1060499988	Cancers
C80T	rs1060499989	Cancers
C80G	rs1060499990	Cancers
C29T	rs1060499991	Cancers
C54T	rs1060499992	Cancers
G53T	rs1060499993	Cancers
C82T	rs1060499994	Cancers
C38T	rs1060499995	Cancers
C37T	rs1060500009	Cancers
C63T	rs1060500010	Cancers
C64T	rs1060500011	Cancers
G59A	rs1060500013	Cancers
G60A	rs1060500015	Cancers
G05A	rs1060500016	Cancers
G06A	rs1060500017	Cancers
G41T	rs1060500018	Cancers
G02T	rs1060500019	Cancers
T54G	rs1060500020	Cancers
T51A	rs1060500021	Cancers
A38G	rs1060500022	Cancers
T36C	rs1060500025	Cancers
G047A	rs1060500045	Cancers
T922A	rs1060500091	Cancers
G42A	rs1060500099	Cancers
G048A	rs1060500100	Cancers
T38C	rs1060500101	Cancers
C328A	rs1060500119	Cancers
C289T	rs1060500121	Cancers
C48T	rs1060500142	Cancers
T110C	rs1060500186	Cancers
C844T	rs1060500189	Cancers
C256A	rs1060500190	Cancers
G253T	rs1060500192	Cancers
G037T	rs1060500205	Cancers
C26T	rs1060500223	Cancers
C89T	rs1060500243	Cancers
G624A	rs1060500254	Cancers
G570A	rs1060500288	Cancers
G552A	rs1060500314	Cancers
C521T	rs1060500330	Cancers
C491T	rs1060500340	Cancers
C02T	rs1060500342	Cancers
C87T	rs1060500344	Cancers
G913T	rs1060500378	Cancers
C795T	rs1060500387	Cancers
G593T	rs1060500597	Cancers
G205A	rs1060500598	Cancers
C12T	rs1060500599	Cancers
G040A	rs1060500680	Cancers
C039T	rs1060500686	Cancers
C61T	rs1060500688	Cancers
G35T	rs1060500689	Cancers
C34T	rs1060500690	Cancers
G42A	rs1060500691	Cancers
C41T	rs1060500692	Cancers
C99T	rs1060500693	Cancers
G85A	rs1060500694	Cancers
C06T	rs1060500697	Cancers
G83A	rs1060500698	Cancers
G14A	rs1060500701	Cancers
A37G	rs1060500702	Cancers
G33C	rs1060500703	Cancers
C97T	rs1060500704	Cancers
C91A	rs1060500705	Cancers
C612A	rs1060500706	Cancers
C612G	rs1060500708	Cancers
C561T	rs1060500710	Cancers
C496T	rs1060500712	Cancers
C324T	rs1060500743	Cancers
C024T	rs1060500753	Cancers
C24T	rs1060500754	Cancers
C95T	rs1060500755	Cancers
C40T	rs1060500756	Cancers
A840G	rs1060500757	Cancers
A07C	rs1060500758	Cancers
C294A	rs1060500759	Cancers
T169A	rs1060500760	Cancers
T03C	rs1060500762	Cancers
T90A	rs1060500763	Cancers
G90C	rs1060500766	Cancers
C033T	rs1060500772	Cancers
G84A	rs1060500776	Cancers
G671A	rs1060500777	Cancers
G53A	rs1060500778	Cancers
G919A	rs1060500779	Cancers
G864T	rs1060500780	Cancers
G865A	rs1060500781	Cancers
G807T	rs1060500782	Cancers
G768A	rs1060500783	Cancers
G51A	rs1060500784	Cancers
G468A	rs1060500785	Cancers
G126A	rs1060500786	Cancers
G63A	rs1060500787	Cancers
G84T	rs1060500788	Cancers
G97T	rs1060500790	Cancers
G17T	rs1060500791	Cancers
G17A	rs1060500792	Cancers
C059A	rs1060500793	Cancers
A823G	rs1060500795	Cancers
G816A	rs1060500796	Cancers
G642A	rs1060500797	Cancers
G417A	rs1060500798	Cancers
G414A	rs1060500799	Cancers
G360A	rs1060500800	Cancers
A299T	rs1060500801	Cancers
G276A	rs1060500802	Cancers
G183A	rs1060500803	Cancers
G134T	rs1060500804	Cancers
A16C	rs1060500807	Cancers
G6C	rs1060500809	Cancers
A69T	rs1060500810	Cancers
G70T	rs1060500811	Cancers
G323C	rs1060500812	Cancers
C239G	rs1060500812	Cancers
G063T	rs1060500813	Cancers
G60A	rs1060500814	Cancers
G39C	rs1060500815	Cancers
G27T	rs1060500816	Cancers
G79A	rs1060500817	Cancers
G10C	rs1060500820	Cancers
G42A	rs1060500821	Cancers
G55A	rs1060500822	Cancers
G08A	rs1060500823	Cancers
G936A	rs1060500824	Cancers
G798T	rs1060500825	Cancers
G684A	rs1060500827	Cancers
C556T	rs1060500828	Cancers
C532G	rs1060500829	Cancers
C106G	rs1060500830	Cancers
>082_1083CCA	rs1060500832	Cancers
GA	rs1060500833	Cancers
G17A	rs1060500834	Cancers
C6T	rs1060500836	Cancers
G80A	rs1060500839	Cancers
G59A	rs1060500841	Cancers
>22_523GGA	rs1060500842	Cancers
G67C	rs1060500843	Cancers
C44T	rs1060500844	Cancers
G072A	rs1060500845	Cancers
G11A	rs1060500846	Cancers
C67T	rs1060500847	Cancers
G87A	rs1060500848	Cancers
G748T	rs1060500849	Cancers
C738T	rs1060500850	Cancers
C717T	rs1060500851	Cancers
C183T	rs1060500852	Cancers
G070A	rs1060500853	Cancers
C069T	rs1060500854	Cancers
C00T	rs1060500855	Cancers
G14A	rs1060500857	Cancers
G60A	rs1060500859	Cancers
C18T	rs1060500860	Cancers
C0T	rs1060500862	Cancers
C489T	rs1060500863	Cancers
C490T	rs1060500864	Cancers
A27T	rs1060500865	Cancers
G87A	rs1060500867	Cancers
G80A	rs1060500869	Cancers
G552A	rs1060500871	Cancers
G64T	rs1060500872	Cancers
G15A	rs1060500873	Cancers
C16T	rs1060500875	Cancers
A859G	rs1060500876	Cancers
T231C	rs1060500877	Cancers
A07G	rs1060500878	Cancers
G979T	rs1060500879	Cancers
T00C	rs1060500880	Cancers
T907C	rs1060500881	Cancers
G9A	rs1060500882	Cancers
A659T	rs1060500883	Cancers
A569T	rs1060500884	Cancers
C444T	rs1060500885	Cancers
C865A	rs1060500886	Cancers
C87T	rs1060500887	Cancers
C810T	rs1060500888	Cancers
C720T	rs1060500889	Cancers
C681T	rs1060500890	Cancers
C591T	rs1060500891	Cancers
G682T	rs1060500952	Cancers
C400T	rs1060500957	Cancers
C100T	rs1060500960	Cancers
C68T	rs1060500969	Cancers
T66C	rs1060501106	Cancers
G84A	rs1060501107	Cancers
G42T	rs1060501108	Cancers
G36A	rs1060501109	Cancers
A149G	rs1060501110	Cancers
G129A	rs1060501111	Cancers
G7C	rs1060501115	Cancers
G898A	rs1060501116	Cancers
C71T	rs1060501117	Cancers
C18A	rs1060501141	Cancers
G9A	rs1060501191	Cancers
G00A	rs1060501195	Cancers
A131C	rs1060501198	Cancers
C051A	rs1060501201	Cancers
G00C	rs1060501202	Cancers
C27T	rs1060501203	Cancers
C102T	rs1060501204	Cancers
C705A	rs1060501206	Cancers
C580T	rs1060501208	Cancers
C321T	rs1060501235	Cancers
C294A	rs1060501253	Cancers
C1T	rs1060501256	Cancers
>1_62CCT	rs1060501258	Cancers
C05T	rs1060501259	Cancers
C33T	rs1060501260	Cancers
A94G	rs1060501261	Cancers
G740T	rs1060501263	Cancers
A024G	rs1060501264	Cancers
G36T	rs1060501267	Cancers
G97T	rs1060501268	Cancers
C62A	rs1060501271	Cancers
C72T	rs1060501272	Cancers
A086G	rs1060501273	Cancers
A611C	rs1060501274	Cancers
A398T	rs1060501277	Cancers
G347C	rs1060501278	Cancers
A004G	rs1060501279	Cancers
T82A	rs1060501280	Cancers
T0G	rs1060501281	Cancers
G210A	rs1060501282	Cancers
G054C	rs1060501283	Cancers
G958T	rs1060501284	Cancers
G711A	rs1060501285	Cancers
G697T	rs1060501286	Cancers
G511T	rs1060501287	Cancers
G17C	rs1060501288	Cancers
G1C	rs1060501289	Cancers
C328A	rs1060501291	Cancers
C238A	rs1060501293	Cancers
G545A	rs1060501295	Cancers
G969A	rs1060501296	Cancers
G834C	rs1060501297	Cancers
G834A	rs1060501298	Cancers
G701T	rs1060501301	Cancers
G48A	rs1060501302	Cancers
G50T	rs1060501303	Cancers
G42A	rs1060501304	Cancers
G33A	rs1060501305	Cancers
A194C	rs1060501306	Cancers
G122C	rs1060501307	Cancers
G063A	rs1060501308	Cancers
G94C	rs1060501311	Cancers
A90C	rs1060501356	Cancers
G64C	rs1060501385	Cancers
G12C	rs1060501386	Cancers
G14T	rs1060501387	Cancers
G068C	rs1060501387	Cancers
G96T	rs1060501388	Cancers
G744A	rs1060501389	Cancers
A58G	rs1060501390	Cancers
G444T	rs1060501391	Cancers
A445G	rs1060501392	Cancers
A40G	rs1060501393	Cancers
G135A	rs1060501395	Cancers
G096A	rs1060501396	Cancers
G16A	rs1060501398	Cancers
G94A	rs1060501410	Cancers
T48G	rs1060501425	Cancers
G815A	rs1060501443	Cancers
G725A	rs1060501500	Cancers
C675T	rs1060501501	Cancers
C585T	rs1060501502	Cancers
C354T	rs1060501503	Cancers
C264T	rs1060501504	Cancers
G774A	rs1060501505	Cancers
G480A	rs1060501506	Cancers
G327A	rs1060501507	Cancers
G324T	rs1060501509	Cancers
G86T	rs1060501510	Cancers
C06T	rs1060501511	Cancers
G05A	rs1060501512	Cancers
C53T	rs1060501513	Cancers
C16T	rs1060501514	Cancers
T107A	rs1060501515	Cancers
A43G	rs1060501519	Cancers
T886C	rs1060501520	Cancers
G465A	rs1060501521	Cancers
G465T	rs1060501522	Cancers
G78A	rs1060501524	Cancers
G25T	rs1060501536	Cancers
G22T	rs1060501592	Cancers
A533T	rs1060501601	Cancers
C531T	rs1060501605	Cancers
C312T	rs1060501614	Cancers
C784A	rs1060501635	Cancers
C552T	rs1060501658	Cancers
C546T	rs1060501686	Cancers
A389C	rs1060501696	Cancers
C709T	rs1060501727	Cancers
T482G	rs1060501728	Cancers
C316T	rs1060501729	Cancers
C470T	rs1060501731	Cancers
A454T	rs1060501732	Cancers
C035T	rs1060501733	Cancers
C032T	rs1060501734	Cancers
G021A	rs1060501735	Cancers
G021T	rs1060501736	Cancers
G799A	rs1060501737	Cancers
G524T	rs1085307944	N
T141C	rs886038211	N
G669C	rs372272045	N
G522T	rs886037946	N
C2T	rs15999	N
T605C	rs121908244	N
T66C	rs121908231	N
G60A	rs121908236	N
C145A	rs121908218	N
G01C	rs886037944	N
G266A	rs121908226	N
A195C	rs16019	N
T208G	rs121908227	N
T469C	rs121908233	N
G444A	rs121908232	N
G77A	rs121908215	N
G913A	rs121908246	N
A207T	rs121908229	N
A428C	rs121908214	N
A003G	rs121908223	N
C165T	rs121908239	N
T393C	rs121908241	N
G037A	rs121908230	N
G982A	rs121908216	N
G991A	rs121908247	N
C999T	rs121908220	N
C035T	rs121908243	N
G84A	rs121908222	N
C403T	rs121908235	N
G748A	rs121908217	N
G366T	rs121908237	N
G477A	rs121908234	N
G083A	rs121908224	N
T141C	rs121908213	N
T047C	rs121908221	N
A151G	rs121908219	N
A43G	rs121908238	N
C423G	rs1064794574	N
C049G	rs35073715	N
G14A	rs34992370	N
C050T	rs1057518942	N
T425C	rs778878523	N
C298T	rs1064793791	N
C301T	rs774333145	N
G201T	rs757475924	N
G546T	rs1057519242	N
C10G	rs770458492	N
G08A	rs62645894	N
n76_577iT	rs281865351	N
T45A	rs1057519077	N
G44A	rs1057519076	N
A174T	rs201562855	N
A262G	rs201660407	N
A667G	rs763006761	N
C87T	rs118192199	N
T98A	rs1057519536	N
G75A	rs1057516080	N
C02T	rs1057516094	N
T910G	rs118192240	N
A732G	rs1057516123	N
C01T	rs796052623	N
G38A	rs397514581	N
G73T	rs1057519535	N
C057G	rs118192218	N
C639T	rs796052650	N
A764T	rs118192237	N
A40G	rs1057516076	N
A49G	rs1057516089	N
A00C	rs1057516091	N
C27T	rs1057516095	N
T60G	rs1057516078	N
A85G	rs398124557	N
T4C	rs142609245	N
C49T	rs199552988	N
G95A	rs140540096	N
C43T	rs193302879	N
G099A	rs80356492	N
C118A	rs193302901	N
T26C	rs193302895	N
T47C	rs193302893	N
G46A	rs193302892	N
G48A	rs193302883	N
G9A	rs193302881	N
G015T	rs80356490	N
G016A	rs121908980	N
G126A	rs193302897	N
G49A	rs193302877	N
G48C	rs193302894	N
G02A	rs193302885	N
G63A	rs193302886	N
A02C	rs193302891	N
T33A	rs193302900	N
T86C	rs193302902	N
T54C	rs193302899	N
A93T	rs34203644	N
C58T	rs193302890	N
C72T	rs193302888	N
A98C	rs193302896	N
C2T	rs193302882	N
G3A	rs121908978	N
C98T	rs193302880	N
G99A	rs193302903	N
C62A	rs193302898	N
A63C	rs193302884	N
T52C	rs80356489	N
T36C	rs193302878	N
T0C	rs193302887	N
A970G	rs770842408	N
C382T	rs554294508	N
C015T	rs747676107	N
G50C	rs751037529	N
A74C	rs9456735	N
A354G	rs1064797302	N
C000T	rs114144673	N
G928T	rs138656762	N
G206A	rs1131692245	N
A930T	rs5744175	N
G537A	rs121909304	N
G59C	rs1057519548	N
G556A	rs34162630	N
G40A	rs17121818	N
C79T	rs72842957	N
G44A	rs267606913	N
C743T	rs138768918	N
G0585A	rs111033439	N
C055T	rs780308389	N
C3274T	rs201238640	N
G40A	rs754730601	N
C624G	rs148858485	N
C908T	rs1057521141	N
G76A	rs145639028	N
C654T	rs372855769	N
A34G	rs77300588	N
A29G	rs145068530	N
G7A	rs772578415	N
C67T	rs11568361	N
T51C	rs200739891	N
G089A	rs369414658	N
G47A	rs765338121	N
G99A	rs138279074	N
G61A	rs727503813	N
C127T	rs11569098	N
A17G	rs71640276	N
G065T	rs67771061	N
G537A	-	N
G317A	rs672601347	N
C612G	rs397514624	N
G163A	rs58645163	N
T579_1580insCC	rs57520892	N
G79T	rs696763	N
C3T	rs700233	N
T5G	rs149082963	N
T448G	rs421016	N
T39G	rs1057141162	N
G15A	rs179363873	N
G82T	rs137852615	N
A99T	rs179363874	N
G147C	rs179363872	N
A27G	rs1057521085	N
G68A	rs199665722	N
A84G	rs115624085	N
T54C	rs1057521047	N
T241C	rs869312246	N
G48A	rs1057521137	N
G768A	rs121908084	N
T73A	-	N
T11C	-	N
C196T	-	N
G47T	rs1060499894	N
A07G	rs1131691322	N
T48C	rs913934445	N
T66G	rs1064794244	N
C91T	rs104893793	N
G67T	rs67525025	N
C70T	rs1057520110	N
C57T	rs1131691882	N
A58T	rs1131691520	N
T51C	rs1064793108	N
G08T	rs745455816	N
C37T	rs878855320	N
G32A	rs536814318	N
C265A	rs777476150	N
G28A	rs879255651	N
T861C	rs879253752	N
G234A	rs780786843	N
G944A	rs78657866	N
C50T	rs1131691792	N
G05A	rs1064794149	N
T291A	rs121913056	N
T606C	rs121913052	N
G80T	rs121913058	N
T97G	rs10127939	N
G091A	rs121964926	N
C151T	rs531225271	N
G912A	rs180675584	N
C414T	rs199531851	N
A37G	rs1114167431	N
C25G	rs886039494	N
T24C	rs1085307479	N
T96A	rs1064796271	N
G420A	rs1064793480	N
A248G	rs1085307685	N
A504G	rs1057521122	N
C357T	rs28933408	N
G93A	rs1057520545	N
A055G	-	N
G468A	rs869025670	N
A155G	rs1085307879	N
G17A	rs1131691929	N
G11C	rs755452188	N
A934G	rs147822019	N
T52C	rs886044589	N
G15A	rs1064793840	N
G07C	rs770816416	N
C052T	rs2229839	N
G1A	rs886037778	N
A31G	rs1064794231	N
C801G	rs1131691685	N
T544G	rs863224900	N
C61G	rs1057517772	N
C64A	rs1060501445	N
A85G	rs1057517771	N
G263T	rs557052809	N
G263A	rs557052809	N
e49dC	rs63159160	N
G727A	rs1057521070	N
C41T	rs745386663	N
T64G	rs376710410	N
C646T	rs776327443	N
C561T	rs4302331	N
T47C	rs886042815	N
T170G	rs121908871	N
G22C	rs121908869	N
T798C	rs121908884	N
G228A	rs121908868	N
C575A	rs121908870	N
T00A	rs121908862	N
A48G	rs121908879	N
T400C	rs121908885	N
C84G	rs121908863	N
C28T	rs121908882	N
G349A	rs189261858	N
C430T	rs121908881	N
T40C	rs1057518872	N
G77A	rs16929374	N
C6T	rs60798368	N
C358T	rs267607488	N
T13A	rs1060501415	N
C263G	rs41311286	N
G68A	rs397514737	N
C07T	rs676785	N
C75T	rs765432081	N
G86A	rs1057520779	N
C11T	rs886039386	N
C79T	rs886039544	N
A566G	rs752039618	N
A559G	rs1800466	N
C17G	rs8187788	N
C144T	rs138773456	N
T2C	rs5030878	N
G124C	rs193922807	N
G523A	rs193922818	N
T81G	rs1800443	N
G54A	rs146458524	N
A06T	rs1085308006	N
G417A	rs904122716	N
C90T	rs201868387	N
C19G	rs121918731	N
G94A	rs61755788	N
T37C	rs61755802	N
G41C	rs61755804	N
A18T	rs61755794	N
C33A	rs61755799	N
G00A	rs61755789	N
G99A	rs527236098	N
G97A	rs62645935	N
G14A	rs61748432	N
G02A	rs61755774	N
A58G	rs61755785	N
T54C	rs121918563	N
C33T	rs61755770	N
C32A	rs61755816	N
C29T	rs61755798	N
C28T	rs61755797	N
C47T	rs61755806	N
C46T	rs61755805	N
C7T	rs61754402	N
C24T	rs61755783	N
C14G	rs61755792	N
G84T	rs121918567	N
G59A	rs61755810	N
C58T	rs61755809	N
A34G	rs61755800	N
G35C	rs61755801	N
A22G	rs61755781	N
C66T	rs121909658	N
G255A	rs121909661	N
C724T	rs386833511	N
A71T	rs386833515	N
T79C	rs121909659	N
C801G	rs386833513	N
C043G	rs386833510	N
C555A	rs121909662	N
C717T	rs121909660	N
G162A	rs3735354	N
G138T	rs1131692043	N
T097C	rs1131692163	N
C096G	rs1131692044	N
C22T	rs757259413	N
G52A	rs1064793138	N
C91T	rs1131692042	N
G81A	rs1131692041	N
C39G	rs782521991	N
A32G	rs1131692040	N
C16A	rs387906727	N
A72C	rs1057519550	N
C61T	rs1057519549	N
G345A	rs17033889	N
C40A	rs1057521127	N
G68A	rs1085307550	N
A17G	rs565090080	N
A76G	rs375032130	N
C120T	rs376533026	N
G463A	rs369183199	N
G82A	rs121434249	N
G45A	rs9282858	N
G91T	rs121434253	N
G44A	rs121434246	N
G47A	rs121434247	N
G86A	rs121434250	N
A92G	rs121434251	N
T64A	rs121434245	N
C42T	rs1057517829	N
C35G	rs121434252	N
A77G	rs368386747	N
C36T	rs121434244	N
C34A	rs145712014	N
C67T	rs1057521062	N
G02A	rs1057520644	N
T445C	rs1064794246	N
C872G	rs35902890	N
T11C	rs1057517991	N
G7A	rs1154510	N
G80A	rs1131691954	N
G88A	rs1057517954	N
C61T	rs1131691743	N
C895T	rs1064793877	N
G57A	rs9903564	N
G35A	rs121917982	N
T913A	rs1057521079	N
T600C	rs1131691773	N
T979C	rs1131691675	N
T000C	rs1131691774	N
A133C	rs1131691775	N
A814T	rs1057519533	N
C37A	rs794726711	N
C564T	rs1057517958	N
G926T	rs1131691581	N
T82C	rs1057519530	N
C819T	rs1057521080	N
A087C	rs1131691465	N
T150A	rs1057523858	N
T113A	rs1064794243	N
G109A	rs757920190	N
C357T	rs376026619	N
G182A	rs387906624	N
C183T	rs1131691804	N
G221A	-	N
G61C	rs1057521103	N
G015A	rs140627	N
G699A	rs794728237	N
G783A	rs587782947	N
G993A	rs1085307531	N
G113A	rs363804	N
G332A	rs1131691467	N
G425A	rs794728335	N
C453G	rs794728251	N
T661C	rs113543334	N
T772C	rs1057520617	N
G217A	rs1131691479	N
T465C	rs1057520728	N
G499A	rs794728160	N
G201T	rs794728187	N
G243A	rs1064794282	N
G463A	rs794728204	N
G496A	rs794728252	N
G680A	rs1057521101	N
G002T	rs1057521100	N
G678A	rs1064794283	N
C509T	rs755430984	N
T250G	rs1131692052	N
A096G	rs387906622	N
A099G	rs387906626	N
G340A	rs1131691416	N
G099A	rs1057521092	N
G51T	rs104894569	N
G62C	rs80356482	N
G62A	rs80356482	N
A61C	rs1057517008	N
A061G	rs776490710	N
T570C	rs1057520235	N
T922C	rs186924074	N
C905T	rs774028495	N
C145G	rs774102085	N
A992C	rs1131691741	N
G108A	rs113042313	N
T82G	rs147816724	N
T580C	rs760766981	N
T83C	rs1060505031	N
G135A	rs1131691686	N
G40C	rs774389618	N
A54G	rs1131691346	N
G41T	rs748876625	N
A44G	rs17878711	N
G9C	rs782329429	N
C907_1920delTGATTGGATTAC	rs63750825	N
e92dC	rs386833481	N
G46A	rs104893691	N
C528A	rs104893706	N
C93G	rs121909267	N
G745T	rs104893690	N
A80C	rs121909260	N
G71A	rs104893697	N
G89A	rs121909259	N
T39G	rs121909268	N
T835C	rs104893698	N
T363G	rs104893701	N
T362C	rs104893711	N
T417C	rs104893693	N
G28A	rs121909264	N
G27A	rs769256610	N
G189A	rs1064794291	N
G657A	rs104893719	N
G009A	rs104893700	N
A41C	rs104893702	N
T74C	rs104893708	N
T8C	rs104893717	N
C846G	rs104893703	N
T180A	rs104893718	N
T318G	rs104893699	N
C54A	rs104893695	N
A32G	rs1060502855	N
A405G	rs140022350	N
C62T	rs397514728	N
C62A	rs397514728	N
C15G	rs121909262	N
G043T	rs121909261	N
A14G	rs201851934	N
G80T	rs28936684	N
G85T	rs121909265	N
C96T	rs121909266	N
G039A	rs773146939	N
C383T	rs121909258	N
C13T	rs121909263	N
C52T	rs104893694	N
G092A	rs1057517955	N
C439T	rs1057518697	N
G44A	rs886037942	N
G677A	rs1057519057	N
G414A	rs1057519055	N
A227T	rs199651452	N
G790C	rs1057519056	N
T378G	rs1057519054	N
G68A	rs1057521115	N
G59A	rs122445111	N
T226C	rs122445109	N
G831A	rs146949376	N
G141C	rs122453114	N
A678G	rs145438966	N
G112A	rs1057521130	N
C569A	rs137852654	N
G20A	rs387907225	N
G22A	rs374059924	N
G41A	rs376982466	N
G06C	rs376335787	N
C85G	rs373802463	N
C037T	rs142814307	N
G8A	rs370155767	N
G45A	rs371447931	N
A66G	rs886041001	N
C989T	rs35879351	N
G368A	rs267606936	N
A805T	rs267606934	N
A187G	rs397507620	N
C318G	-	N
C094T	rs72547573	N
T35A	rs72547570	N
G26A	rs72552281	N
G597A	rs72552284	N
G30A	rs1057521146	N
A35C	rs779703983	N
G04C	rs199472702	N
T841C	rs1064794323	N
G57A	rs760956030	N
G50C	rs62635026	N
G869C	rs121918051	N
G573T	rs1085307741	N
G880A	rs375305567	N
C527T	rs776031396	N
T345G	rs1057519264	N
G216A	rs1057519263	N
C52G	rs1057516642	N
T468A	rs202135871	N
C99T	rs199691910	N
G182A	rs36049418	N
A60T	rs748547209	N
C924G	rs200697179	N
T165C	rs1057519515	N
C108T	rs1057519509	N
C45G	rs1057518165	N
C26T	-	N
C03G	rs45490393	N
G27A	rs45541732	N
G8A	rs1064794255	N
T060C	rs886041337	N
C216T	rs796053367	N
G54T	rs886037953	N
T58A	rs1060505035	N
G00A	rs1060505034	N
G76C	rs1057521118	N
C53A	rs1064794287	N
G258A	rs28938170	N
T88A	rs1057518767	N
G252A	-	N
C718A	-	N
G078A	-	N
G198C	rs1057517981	N
T53C	-	N
G735C	rs875989883	N
G736T	rs1057517980	N
G700C	rs760870713	N
G952C	rs748792378	N
G590C	-	N
C35G	rs145141811	N
G128C	rs62645755	N
C506A	rs116471343	N
C189G	rs148033592	N
C120A	rs61749698	N
G371A	rs35334949	N
G311A	rs1057518897	N
G496A	rs573566419	N
C636T	rs200037070	N
C405T	rs534112936	N
C265A	-	N
G302A	-	N
C67G	rs1057520333	N
G14C	rs810205	N
G208A	rs386834264	N
G12A	rs200050206	N
G127T	rs121912836	N
G164A	-	N
G885C	rs72554639	N
G056A	rs72554652	N
G943A	rs797045390	N
G179A	rs72554644	N
A390G	rs2234938	N
T006C	rs2234935	N
A911G	rs151340632	N
C156T	rs267606672	N
G531A	rs367775730	N
C910T	rs151340631	N
C981T	rs267606673	N
G679A	rs35110389	N
C94T	rs759226183	N
A838C	rs35986685	N
G17A	rs200046052	N
G780A	-	N
T006G	rs876661338	N
G58C	rs769409705	N
G58T	rs769409705	N
A734G	rs483353013	N
A769C	rs387906744	N
G411A	rs72559716	N
G432A	rs72559715	N
G478A	rs746480424	N
C20T	rs201682634	N
G88A	rs370356566	N
G91A	rs199473415	N
T73_374insGG	rs199473499	N
C920G	rs199472970	N
G398T	rs199472998	N
A493G	rs35858762	N
C147A	rs1057519552	N
T441C	rs780654733	N
T77G	rs483352810	N
G80T	rs1085307884	N
G296A	rs3213608	N
G96A	rs113994060	N
G016A	rs113994069	N
l103_8104deA	rs876659735	N
T238G	rs1064795467	N
C21T	rs782166819	N
G285A	rs142339351	N
G942A	rs137853157	N
C16T	rs121912776	N
C141T	rs786205775	N
C578G	rs758786846	N
G69A	rs1057521068	N
A200G	rs1064795731	N
G092A	rs199473295	N
G770A	rs137854603	N
G727A	rs199473599	N
C501G	rs199473266	N
A492G	rs199473264	N
A296T	rs199473310	N
G296C	rs199473246	N
C755T	rs199473328	N
C176T	rs121912425	N
C473T	rs34467662	N
G570A	rs34280195	N
C847G	rs2229006	N
C265A	rs1060501474	N
G343A	rs531189495	N
T657C	rs886038209	N
C42T	-	N
A829T	rs1131692177	N
G147A	rs879253766	N
G29A	rs1064794308	N
T69C	rs782024654	N
T2A	rs1060505030	N
T19A	rs1060505029	N
C2T	rs148890852	N
G93A	rs606231263	N
T13G	rs779896449	N
G92A	rs2271041	N
n71_272iA	rs61752873	N
G192C	rs1057517666	N
G57C	rs1057517665	N
G482A	rs143915145	N
C498T	rs758188096	N
C64A	rs34120878	N
G603A	rs183007628	N
C12T	rs78705382	N
A002G	rs4977881	N
T97C	rs10511687	N
A244C	rs387907108	N
G603A	rs149629686	N
A83C	rs749447795	N
A928G	rs752997229	N
G89A	rs121434291	N
G120A	rs121434289	N
G576A	rs121434288	N
C18A	rs121434290	N
C99T	rs121434287	N
G09C	rs121434293	N
C83T	rs121434292	N
C808G	rs146627706	N
G76C	rs281875233	N
G364A	rs281875235	N
G618A	rs1057517684	N
T33A	rs775156958	N
A1482G	rs17009684	N
G1618A	rs12650153	N
C5A	rs779432560	N
C99G	rs754200057	N
C05T	rs869025314	N
C96T	rs869025315	N
T43G	rs869025313	N
T422C	rs1057521090	N
T623G	rs189519760	N
G16A	rs773618224	N
C60A	rs1085308033	N
G83A	rs767769359	N
A95G	rs1131769	N
G570C	rs863225448	N
T463C	rs587777578	N
C25T	rs761917087	N
C688A	rs768686147	N
G97A	rs34203073	N
G070A	rs370507566	N
T972A	-	N
C288T	rs374073337	N
A151G	rs143970072	N
C202T	rs556664001	N
G37A	rs1057519019	N
C11T	rs748118737	N
G61A	rs796052795	N
A90G	rs756632517	N
C67G	rs397515441	N
G76A	rs879254005	N
A68G	rs397515442	N
C52G	rs121908113	N
A78T	rs267606842	N
T85A	rs886041023	N
G81A	rs886041024	N
T00C	rs879253775	N
C611T	rs150391806	N
A561G	rs172155862	N
C51T	rs78464826	N
G072C	rs886037834	N
A433C	-	N
A97C	-	N
A936G	-	N
T052G	-	N
A41G	-	N
A46G	-	N
G118A	-	N
G172A	rs34082669	N
G241T	rs371121679	N
G64A	rs1064793105	N
C37T	rs779315456	N
C063T	rs781477694	N
G64A	rs774795340	N
A005T	rs1057518748	N
G46A	rs200725073	N
C98T	rs1057518750	N
C018T	rs746681765	N
A36G	rs36088178	N
G92A	rs786204796	N
A52G	rs3741596	N
G430A	rs1057519347	N
C32T	rs11538384	N
G34C	rs137852971	N
G73A	rs387907086	N
T028C	rs397514727	N
T04C	rs1057519316	N
C83T	rs1057519317	N
A843G	rs2306272	N
A158C	rs2279290	N
A366G	rs369634007	N
C90T	rs199905054	N
C26T	rs886037827	N
G91T	rs547352394	N
C75T	rs61756766	N
C474T	rs373584239	N
C68G	rs1057520695	N
C59T	-	N
G435A	rs1085307937	N
T171C	rs797045036	N
C947T	rs796053130	N
C687T	rs1057519526	N
G031A	rs1057519527	N
A289G	rs796053183	N
G777A	rs886041259	N
G715C	rs796053119	N
T025C	rs796053134	N
A967G	rs1057519523	N
T643C	rs1057519524	N
T977A	rs796053131	N
G51A	rs1057519528	N
G79A	rs769765227	N
A44G	rs398123392	N
G733A	rs28360460	N
A57G	rs587777651	N
A34G	rs886041974	N
G49C	rs202058123	N
G072C	rs886042742	N
G423A	rs775014444	N
G89A	rs200790561	N
C02G	rs372280083	N
C87T	rs138302371	N
C70T	rs370906995	N
G82C	rs767907487	N
C26T	rs1057519277	N
C13T	rs763573828	N
C55T	rs74315508	N
C37T	rs141074983	N
A43G	rs886039768	N
G94A	rs886039765	N
C13T	rs886039766	N
G082A	rs147656110	N
T81C	rs771054395	N
T32G	rs137852222	N
C357T	rs200672589	N
G664A	rs41281316	N
G238A	rs369395479	N
G096A	rs143282422	N
G021A	rs121908351	N
A877C	-	N
C418G	rs74145660	N
G133A	rs121908348	N
G604A	rs121908349	N
G312A	-	N
T663C	rs121908352	N
G311A	rs201076440	N
A293G	rs41281310	N
A845G	rs149073355	N
C363T	rs564555435	N
C19T	rs121908354	N
A147C	rs758382198	N
C045T	rs41281318	N
G310A	rs56181447	N
C734T	rs397517344	N
C085T	rs750880909	N
G197A	rs201887949	N
G823A	rs202052174	N
G524A	rs140884994	N
G745A	rs200263980	N
G858A	rs41281330	N
G419A	rs143993990	N
G722A	rs368828743	N
G236A	rs550384315	N
G054C	rs886039823	N
G69T	rs765462548	N
G04C	rs1057519583	N
G65A	rs10502151	N
G50A	-	N
T62G	rs150512167	N
C9A	rs121918262	N
G66A	rs1060503493	N
C6G	rs1060503496	N
A394C	rs1057520772	N
G34A	rs149466359	N
l396_2412de7	rs121912637	N
G76A	rs387907134	N
C550T	rs1057519291	N
C26T	-	N
C67T	rs139207764	N
T97A	rs1057520297	N
G3A	rs1057520299	N
C021A	rs1135401956	N
C106G	rs1135401958	N
G286T	rs1135401957	N
T34G	rs1135401955	N
T62A	rs387907173	N
A46G	rs73023451	N
A30G	rs12214456	N
A38G	rs372080941	N
A067G	rs786205133	N
T22C	-	N
T98C	rs750937323	N
C351T	rs121917893	N
C0954A	rs201505036	N
G24A	rs770689762	N
GA	rs757078301	N
G775A	rs200806228	N
T059C	rs1057521077	N
G273A	rs202208393	N
C247G	rs770166812	N
C550G	rs780673487	N
G40A	rs777425801	N
G337A	rs751604696	N
G225A	rs1064793273	N
G066A	rs1057519181	N
T169C	rs1131691977	N
C79T	rs587776970	N
T14C	-	N
T652A	-	N
A790C	rs201989042	N
G58A	rs200620279	N
A44G	rs34994230	N
C01T	rs35548455	N
G202A	-	N
G11A	rs1064794064	N
C819T	rs777751303	N
G362A	rs55760835	N
C424T	rs200678853	N
C932T	rs141278078	N
T29C	rs879255693	N
A20G	rs1057519557	N
C984T	rs76222829	N
A932G	rs1057519540	N
T010C	rs1057521153	N
G8T	rs747956857	N
C254T	rs1114167457	N
G85A	rs1057521059	N
C31T	rs150539474	N
C28T	rs781036625	N
T31C	rs1060505033	N
G30A	rs1057519337	N
C06T	-	N
T007C	rs752883545	N
C816T	rs202174472	N
T525C	rs7630989	N
G29C	rs118203946	N
C98T	rs121908443	N
G80A	rs372079206	N
G78T	rs35604168	N
T432C	rs121908444	N
A363G	rs11573598	N
G055A	rs11573591	N
G18A	rs1057520292	N
G30T	rs121908658	N
G57C	rs121908659	N
C971T	rs182657062	N
A286C	rs34018205	N
C38T	rs202100019	N
T10A	rs199475652	N
A021T	rs62516153	N
e220dC	rs62644473	N
e04dT	rs199475608	N
C69T	rs1057519849	N
T07C	rs121434621	N
G013A	rs104894913	N
C95A	rs121909113	N
C18G	rs121909112	N
A39C	rs11567735	N
C78A	rs181860403	N
T70G	rs587777438	N
G3A	rs1057519553	N
G423C	rs764239923	N
T817C	-	N
A96G	rs34127778	N
T61C	rs1057517676	N
A334G	rs878854424	N
T577G	rs878854422	N
G572A	rs878854416	N
C988T	rs878854417	N
G741A	rs369698072	N
G61C	rs587777797	N
C19T	rs786201032	N
T5G	rs587777253	N
A097G	rs527236159	N
G14A	rs672601244	N
C19T	rs527236152	N
C061T	rs527236158	N
T21C	rs179363870	N
T89G	rs179363871	N
G14A	rs141970914	N
C36T	rs28939679	N
T57C	rs863225041	N
T99A	rs121434417	N
A75C	rs869025614	N
C1T	rs745854387	N
G025A	rs121909126	N
C34T	rs62636707	N
G486A	rs141980901	N
A466G	rs62636511	N
G28C	rs281875283	N
T39G	rs121909484	N
T520C	rs797045024	N
T541C	rs796052226	N
G77A	rs797045025	N
A02T	rs147530802	N
G398A	rs398123456	N
A05T	rs104894302	N
G61C	rs398123041	N
A75G	rs398123043	N
G571A	rs483352916	N
C15T	rs483352912	N
A41G	rs145518263	N
G102A	rs3742801	N
A56G	rs201777056	N
C3058T	rs778418522	N
A30C	rs121434580	N
G97A	rs757953998	N
G016A	rs765380155	N
C26T	rs886039388	N
G728A	rs768999208	N
G639C	rs120074131	N
C532T	rs13381670	N
G665A	rs120074130	N
A263G	rs28942106	N
G06A	rs797045222	N
T83C	rs104894100	N
C180T	rs397515450	N
A65G	rs55826142	N
A991G	rs55963442	N
C031G	rs387906803	N
A93G	rs141471029	N
G72A	rs373046018	N
C18A	rs779413744	N
G11C	rs104894885	N
C03G	rs398122917	N
C055T	rs267607088	N
T99G	rs119482082	N
G98A	rs119482081	N
C92T	rs267607087	N
T31A	rs119482083	N
G44C	rs864621998	N
G145T	rs267607089	N
A510T	rs267607091	N
G075A	rs267607090	N
G72C	rs62638198	N
G68A	rs141498002	N
A86C	rs398123311	N
G999A	rs886040861	N
G658A	rs121908377	N
C660T	rs121434431	N
G286C	rs568165874	N
C93A	rs61752065	N
G29A	rs61752075	N
T26G	rs1800001	N
T55G	rs281865369	N
T55C	rs281865369	N
T75A	rs62645889	N
A28T	rs61753161	N
G38C	rs61753163	N
G36A	rs61753162	N
G43A	rs281865367	N
G43C	rs281865367	N
T23G	rs61752072	N
G26A	rs281865345	N
G25T	rs104894934	N
G04T	rs61752152	N
G19A	rs61752157	N
G18A	rs61752156	N
G33A	rs61753169	N
C21G	rs281865360	N
T07C	rs61752153	N
T96C	rs281865356	N
T08G	rs61752069	N
C37T	rs61752145	N
T80C	rs61752149	N
T5A	rs62645879	N
T47C	rs281865368	N
C75G	rs61753175	N
C78T	rs281865352	N
C21T	rs61752158	N
C21G	rs61752158	N
