mutation,AZAE970101,AZAE970102,HENS920101,HENS920102,HENS920103,GIAG010101,HENS920104,KOSJ950101,KOSJ950102,KOSJ950103,KOSJ950104,KOSJ950105,KOSJ950106,KOSJ950107,KOSJ950108,KOSJ950109,KOSJ950110,KOSJ950111,KOSJ950112,KOSJ950113,KOSJ950114,KOSJ950115,MIYS930101,MUET010101
AA,14,8,5,6,7,0,5,47.2,60.3,46.2,49.8,76.5,66.6,65.6,68,63.1,64.6,54.3,55.6,51.3,76.3,61.9,0.34,5
AR,1,1,-2,-2,-3,-2.4,-2,1.5,2.2,1.1,0.1,0.6,0.5,0.8,0.6,0.9,1.1,1.1,0.4,0.7,0.6,0.8,-0.08,-5.5
AN,1,0,-1,-2,-3,0.5,-1,1,0.1,0.8,0.5,0.1,0.9,2.3,0.5,0.5,1,1.3,0.5,0.6,0.5,0.6,-0.16,-3
AD,0,0,-2,-3,-3,-1,-2,0.7,1.6,0.8,0.8,0.2,1.5,0.7,0.5,1.1,1.3,1.6,0.8,1.1,0.6,1.3,0.04,-6.5
AC,5,2,-1,-1,-1,-0.4,-1,0.3,1.1,0.1,0.1,0.4,0.3,0.1,1,0.9,1.1,2.1,2.7,1,1.7,1.6,-0.51,2.5
AQ,0,1,-1,-1,-2,-0.1,-1,1.9,0.6,0.3,2.1,0.7,0.6,0.5,0.2,1.2,0.5,0.8,1.2,1.2,0.6,1,-0.16,-4
AE,2,1,-1,-1,-2,-5.7,-1,2.3,1.6,0.3,0.3,1.8,1.7,2,0.1,2.2,1.8,0.9,0.8,1.2,1,1.6,0.03,-7
AG,5,1,0,0,0,1.8,0,4.3,0.4,2.5,4.1,2.5,3.7,7.6,5.5,3.5,3,3.4,4.3,3,2.8,3.7,0.19,0.5
AH,-2,-2,-2,-2,-3,-0.2,-2,0.6,0.1,0.1,0.6,0.1,1,1.3,0.1,0.2,0.8,0.6,0.3,0.4,0.2,0.3,-0.21,-3
AI,-6,-3,-1,-2,-3,-0.8,-1,0.2,0.8,2,0.5,0.6,0.4,1.2,0.4,0.3,0.2,1.6,0.6,1.2,0.9,0.6,-0.45,0
AL,-2,0,-1,-2,-3,0.5,-2,2,2.9,2.3,1.1,1.7,0.3,2.7,0.5,1.4,0.7,2.4,0.8,2.1,1.5,1.6,-0.45,0
AK,1,1,-1,-1,-1,-1.8,-1,0.8,1,0.9,0.3,0.8,1,0.1,0.9,1.8,0.8,1.2,0.8,1.2,0.4,1.3,-0.2,-5.5
AM,2,1,-1,-1,-2,0.2,-1,0.1,0.7,0.4,0.1,0.5,0.1,0.4,0.5,0.8,1.1,0.4,0.2,0.7,0.5,0.5,-0.47,0
AF,-4,-2,-2,-3,-4,-0.2,-3,0.3,0.1,0.3,0.1,0.4,0.1,0.1,0.4,0.3,0.1,0.2,0.3,0.2,0.3,0.2,-0.47,0
AP,2,-1,-1,-1,-1,-2,-1,3.1,2,0.2,2.2,0.7,2.6,3.2,1.8,1.1,2.2,1.8,2.3,2.1,1.1,1.9,0.17,-4
AS,1,0,1,2,2,-0.4,1,2.8,6.2,4.4,3.7,6.6,7.3,0.8,5.7,6.4,6.7,4.2,4.7,4.2,4.4,5.9,0.16,2
AT,-2,-2,0,0,0,0.9,0,3.7,4.8,2,1.4,1.6,3.7,4.5,4.4,2.6,3.8,2.3,2.6,2.8,1.7,3.2,0.18,1.5
AW,-2,-1,-2,-4,-5,-0.4,-3,0.4,0.1,0.4,0.2,0.1,0.1,0.1,0.1,0.2,0,0.3,0,0.3,0,0.2,-0.51,-2.5
AY,-2,-1,-2,-3,-4,-0.4,-2,0.1,1.6,0.1,0.1,0.8,0.2,0.1,0.1,0.4,0.6,0.1,0.1,0.2,0.4,0.4,-0.34,-3.5
AV,-5,-4,0,0,-1,-3.9,0,2,5.1,4.1,3.1,2.8,2.4,4.4,2.1,2.3,3,3.6,2,3.2,3.7,2.6,-0.06,1.5
RA,1,1,-2,-2,-3,2.4,-2,0.9,1.2,1.3,1.2,1.3,0.1,1.7,0.1,1.2,0.3,1.1,0.5,1.2,0.7,1.3,-0.08,-5.5
RR,16,11,7,8,9,0,7,62.7,60.9,64.3,60.3,79.9,72.6,81.2,77.6,68.9,66.4,68.1,64.3,62.9,72.9,67.2,0.65,10
RN,10,7,0,-1,-1,2.1,-1,1.3,0.1,2.5,1.2,0.6,0.1,1.2,0.7,1,0.4,2.3,1.3,1.6,0.9,1.4,0.01,-4.5
RD,13,9,-1,-2,-3,0.9,-2,0.4,1.1,1.7,0.1,0.1,0.1,0.1,0.1,0.3,0.9,1.3,0.1,0.7,0.1,0.7,-0.06,-9.5
RC,-9,-7,-3,-5,-6,0.2,-4,0.3,0.1,0.5,0.1,0.3,0.1,0.6,0.5,0.2,0,0.3,0.1,0.1,0.4,0.2,-0.35,-5
RQ,16,12,1,1,1,2,1,4.6,5.1,2.6,1.2,3.1,0.8,2.8,1.7,3,3.8,2.8,1.3,2.9,2.4,2.4,0.15,-2.5
RE,13,10,0,0,-1,0.9,0,0.3,2.5,0.1,0.7,1.3,0.1,0.6,0.4,0.4,1.2,0.2,0.6,0.9,0.4,0.7,-0.02,-9
RG,0,0,-2,-3,-4,0.8,-3,0.1,1.1,2.4,0.1,0.1,2.5,0.1,0.1,0.2,1.8,1.7,0.2,0.7,0.9,0.6,0.2,-5.5
RH,4,2,0,0,0,0.1,0,1.9,0.4,2.1,2.5,1.2,0.1,0.8,3.1,1.4,1.2,1.9,2,1.6,1.7,1.3,0.11,-4.5
RI,-11,-10,-3,-4,-5,0.2,-4,0.5,0.7,0.2,0.9,0.1,0.7,0.7,0.1,0.4,0.5,0.4,0.2,0.6,1.1,0.6,-0.82,-5.5
RL,-8,-7,-2,-3,-4,0.5,-3,2.2,0.1,0.2,0.9,0.9,1,0.1,3.6,1.4,0.3,0.5,1.3,1.1,1.4,1,-0.74,-4.5
RK,21,14,3,3,3,3.4,3,5.1,9.4,8.7,6.6,4.6,3,3.6,1.3,5.1,4.5,6.9,5.8,7.3,3.7,5.7,0.04,-0.5
RM,-1,-2,-1,-2,-3,0.1,-2,0.6,0.1,0.4,0.1,0.1,0.8,0.1,0.1,0.4,0.5,0.4,0,0.5,0.2,0.3,-0.83,-4
RF,-8,-8,-2,-4,-5,-0.5,-3,0.2,0.6,0.4,0.1,0.4,0.1,0.1,1,0.2,0.3,0.3,0.1,0.4,0.3,0.2,-0.79,-5.5
RP,2,1,-2,-3,-3,0.5,-3,0.4,0.6,0.6,2.1,0.5,0.9,0.6,0.1,0.6,0.8,0.7,1.6,0.6,0.6,0.7,0.14,-8
RS,6,4,-1,-1,-2,2.2,-1,1.9,0.8,3.5,2.5,2.6,0.1,0.1,4.5,1.7,1,2.5,2.7,2.2,1.7,1.9,0.05,-6
RT,5,2,-1,-2,-2,1.3,-1,1.5,0.1,1.2,3.1,0.9,2,1.1,2,1.1,0.4,1.1,2.9,1.6,1.9,1.4,0,-5
RW,-3,-4,-2,-4,-5,0.2,-3,0.4,0.2,0.6,0.6,0.1,0.1,0.1,0.1,0.3,0.1,0.5,0.4,0.6,0.1,0.3,-0.26,-4.5
RY,-1,-3,-1,-3,-4,0.2,-1,0.2,0.9,0.5,0.9,0.3,0.1,0.6,0.1,0.3,0.2,0.5,0.7,0.4,0.4,0.5,-0.31,-5.5
RV,-11,-10,-2,-4,-4,0.7,-3,0.3,0.5,1.1,0.7,0.1,0.1,0.7,0.1,0.6,0.2,1.1,0.5,0.8,0.1,0.4,-0.54,-6
NA,1,0,-1,-2,-3,,+AFs-0,,+AFs-0,,+AFs-0,,+AFs-0,,+AFs-0,,+AFs-0,,+AFs-0,,+AFs-0,,-0.16,-3
NR,10,7,0,-1,-1,-2.1,-1,0.5,3,1.2,2.6,0.1,1.5,1.9,0.1,0.6,1.8,1.4,1.9,1.5,1.1,1.5,0.01,-4.5
NN,15,11,6,8,9,0,7,48.2,53.5,55.1,50.6,70.8,70.8,79.8,83.8,60.2,63.9,60.1,59.8,52.6,65.7,60.9,0.38,8
ND,16,12,2,2,2,-1.3,2,3.3,11.8,6.4,5.5,3.8,4.2,5,3,3.7,7.6,6.7,4.8,6.4,3.1,5.4,0.2,-0.5
NC,-4,-5,-2,-4,-5,0.2,-2,0.1,0.1,0.5,0.5,0.6,0.1,0.1,0.4,0.2,0.1,0.4,0.7,0.4,0.6,0.3,-0.46,-2.5
NQ,13,10,0,0,0,-0.8,0,3.2,2.9,1.3,2,0.1,1.3,0.6,1.2,1.4,1.9,1.4,1.6,2.3,1.3,1.8,0.2,-1
NE,10,8,0,0,-1,-1.9,0,4.9,0.1,1.7,3.2,2.5,0.1,0.2,0.1,3.7,0.3,1.6,2.8,2.7,0.9,2,0.19,-4.5
NG,8,7,0,-1,-1,-0.4,0,0.1,1.8,4.4,2.2,1.4,1.2,3.5,2.5,0.9,1.3,4.2,2.3,2.8,2.5,2.5,-0.11,-3
NH,5,2,1,1,1,-0.3,1,1.7,2.5,0.8,2.7,0.1,1.6,2.1,1.4,1.2,2.1,1.3,2.2,1.7,1.6,1.6,0.21,2.5
NI,-11,-11,-2,-5,-6,-0.2,-3,1.7,0.1,0.1,0.9,0.9,0.5,0.1,0.3,0.9,0.3,0,0.7,0.4,1.2,0.5,-0.83,-4
NL,-9,-9,-3,-5,-6,-0.5,-4,1.4,1.3,0.4,1,0.1,0.1,1.1,0.1,0.4,0.9,0.8,0.9,1,1.5,0.8,-0.9,-3.5
NK,12,10,0,0,0,-2.4,0,3,4.4,3.8,4.7,1,2.8,1.1,1.1,2,3.4,3.6,3.6,4.8,1.6,3.5,0.38,-3.5
NM,-3,-4,-2,-3,-4,-0.2,-2,0.6,0.1,0.7,0.9,0.1,0.1,0.1,0.3,0.7,0.2,0.5,0.8,0.8,0.4,0.7,-0.97,-3
NF,-9,-9,-2,-4,-6,-0.4,-4,1,0.3,0.3,0.3,0.1,0.1,0.3,0.1,0.5,0.1,0.2,0.2,0.4,0.1,0.1,-0.71,-2
NP,11,8,-2,-3,-4,-0.8,-2,0.1,1.2,0.2,0.1,0.5,1.1,0.1,0.1,0.1,1.4,0.3,0.1,0.1,0.5,0.4,-0.12,-6
NS,7,6,1,1,1,-1.3,1,9.7,9,8.9,6.8,3.2,2.6,2.2,2.5,4,4.8,6.4,5.4,7.9,4.8,5.6,-0.02,0.5
NT,4,2,0,0,0,-1.5,0,2.7,1.6,1.3,3.9,3.5,1.9,0.1,0.5,1.8,1.4,1,2.6,2.7,2.6,2,0.11,-1.5
NW,-5,-4,-4,-6,-7,0,-4,0.7,0.1,0.3,0.1,0.1,0.7,0.1,0.1,0.3,0,0.2,0.1,0.3,0.1,0.4,-0.79,-4
NY,-3,-4,-2,-3,-4,0.4,-2,1.1,1.9,1.4,1.2,1.4,0.1,0.1,0.1,1.1,0.9,1.1,1,1.2,1,1,0.12,0
NV,-11,-11,-3,-4,-5,-0.9,-3,1.5,0.1,1,1.4,0.1,0.8,0.2,0.9,0.8,0.7,0.7,1.3,0.9,1.3,1,-0.69,-4.5
DA,0,0,-2,-3,-3,1,-2,3.9,1.9,2.9,1.6,2.9,0.1,0.1,1.7,2.7,1.1,1.9,1.5,2.8,2.5,2,0.04,-6.5
DR,13,9,-1,-2,-3,-0.9,-2,1.4,0.1,0.2,0.6,0.4,0.2,0.4,0.4,1.1,0.2,0.3,0.5,0.7,0.6,0.5,-0.06,-9.5
DN,16,12,2,2,2,1.3,2,7.3,6.1,9.4,7.8,1.2,2.9,3.1,4.7,4.1,3.8,7.5,6.2,8,3,6.1,0.2,-0.5
DD,26,16,7,9,10,0,8,52.1,58.5,61.5,62.7,78.5,80.8,78.1,75.7,61,70.5,64.1,66.7,59.2,66.9,65,0.36,9
DC,-8,-8,-3,-5,-7,-0.2,-4,0.3,0.1,0.1,0.1,0.1,0.1,0.1,0.1,0.3,0.3,0.6,0.3,0.3,0.4,0.4,-0.41,-7.5
DQ,16,13,0,0,-1,-1.2,0,0.9,2.8,1.9,2.5,0.1,0.2,0.1,0.1,0.5,0.9,1.5,1.8,1.7,0.6,1.2,0.16,-2.5
DE,15,10,2,2,2,-2.7,2,11,5.8,9.2,6.1,5.6,1,4,3,9.8,4.5,8.3,5,8.3,4.2,6.9,0.32,2
DG,7,8,-1,-2,-3,-1,-1,2,4,3.4,1.3,0.1,1.2,1.7,0.2,1.4,2,3.3,1.2,2.3,2,1.9,0.15,-4.5
DH,8,4,0,-2,-2,-0.2,-1,0.4,0.1,0.4,0.1,0.1,0.1,1.5,0.5,0.5,0.2,0.6,0.6,0.3,0.7,0.3,0.18,-3.5
DI,-14,-12,-4,-5,-7,0,-4,0.6,0.9,0.1,0.4,0.4,0.6,0.1,1,0.4,0.5,0.1,0.6,0.4,0.8,0.4,-0.78,-6.5
DL,-11,-10,-3,-5,-7,-0.8,-4,0.1,0.1,0.6,0.5,0.6,0.9,1.3,0.3,0.4,0.3,0.2,0.5,0.4,0.8,0.4,-0.75,-6
DK,16,11,0,-1,-2,-0.7,-1,0.6,1.7,3.1,1.4,2,0.1,0.1,0.5,1.6,1.1,2.4,1.3,2.3,0.9,1.9,0.16,-5
DM,-7,-6,-3,-5,-6,0.1,-4,0.5,0.3,0.1,0.3,0.1,0.1,0.4,0.1,0.3,0,0,0.1,0.2,0,0.3,-0.9,-6
DF,-10,-9,-4,-5,-6,-0.1,-5,0.1,0.5,0.1,0.2,0.3,0.1,0.1,0.1,0.3,0.4,0,0.1,0.1,0.2,0.2,-0.62,-5.5
DP,11,7,-1,-2,-3,-0.6,-1,0.6,0.9,1.4,1.4,1.1,0.1,0.7,0.9,1.2,0.3,1.3,1.2,1.4,1,1.1,-0.15,-7
DS,8,6,0,0,-1,-0.3,0,2.9,1.9,2.5,1.8,2.3,0.6,1.9,1.9,2,0.9,2.9,1.6,2.6,2.7,2.4,-0.14,-5.5
DT,4,3,-1,-2,-2,1.2,-1,0.1,0.1,1.4,1.4,0.9,1.3,0.5,0.4,1,0.6,1.2,1.1,1.2,1.5,1,-0.1,-5.5
DW,-5,-4,-4,-6,-8,-0.2,-5,0.1,0.1,0.1,0.1,0.1,0.1,0.1,0.1,0.2,0,0,0,0,0.2,0,-0.64,-6.5
DY,-4,-5,-2,-5,-6,-0.1,-3,0.1,0.8,0.2,1.1,0.8,0.1,0.9,1.8,0.3,0.5,0.3,1.1,0.4,1,0.5,0.09,-5.5
DV,-13,-12,-3,-5,-6,0.1,-4,0.1,0.1,0.3,0.3,0.1,0.1,0.8,0.1,0,0.4,0.4,0.2,0.2,0.5,0.2,-0.39,-6
CA,5,2,-1,-1,-1,0.4,-1,1.5,1.9,7.1,12.9,7.5,5.9,9.5,9.2,3.5,4.6,8.6,11.3,4.2,6.9,6.6,-0.51,2.5
CR,-9,-7,-3,-5,-6,-0.2,-4,0.1,0.1,0.1,0.2,0.9,0.4,0.1,0.1,0,0,0.1,0.4,0,0.1,0,-0.35,-5
CN,-4,-5,-2,-4,-5,-0.2,-2,1.5,0.1,0.1,0.1,0.1,0.4,0.1,1.2,0.7,0.4,0.1,0.2,0.3,0.1,0.3,-0.46,-2.5
CD,-8,-8,-3,-5,-7,0.2,-4,1.6,1.7,0.1,1.5,1.4,0.8,4,0.1,1.3,1.1,2.6,1.1,1.3,1.5,1.6,-0.41,-7.5
CC,18,14,12,13,13,0,13,73.6,49.5,66.1,58.1,56.1,65.6,73,64.4,66.6,62.5,67,59.3,64.7,71.6,64.4,1.02,11
CQ,-10,-9,-3,-4,-5,0.1,-3,0.1,1.6,0.1,0.1,1.5,0.1,0.1,0.7,0.1,0,0,0,0,0.1,0,-0.74,-3.5
CE,-8,-6,-3,-5,-7,-0.3,-3,2.6,0.1,0.1,1.2,0.7,0.8,2.3,1.4,1.8,0.3,1.3,1.6,0.9,0.6,1.2,-0.64,-7
CG,1,0,-3,-4,-6,-0.3,-3,0.1,1.7,2,0.1,4.2,1.2,2.9,1.4,1.5,1.3,2.3,0.9,1.1,1.4,1.3,-0.18,-1.5
CH,-2,-1,-3,-4,-7,0.1,-3,0.1,0.1,0.8,0.1,0.1,0.7,0.1,0.1,0,0.5,1.1,0.1,0.5,0.3,0.5,-0.29,-5
CI,2,4,-3,-2,-2,-0.1,-2,2.1,4,0.4,2,2.3,2.5,0.1,1.4,1.2,2.6,0.4,2.3,1.1,1.8,1.8,-0.13,-0.5
CL,1,2,-2,-2,-3,0.2,-2,4,0.1,0.7,0.1,0.8,3,0.1,1.3,1.3,2.2,0,0.1,1,2,1.2,-0.02,1
CK,-11,-10,-3,-5,-6,0,-3,0.1,0.1,0.1,0.1,0.1,0.1,0.1,0.1,0,0.1,0,0,0,0,0,-0.81,-7
CM,0,1,-2,-2,-3,0,-2,0.1,0.1,0.3,0.8,1.8,0.4,0.1,3.2,0.9,0.2,0.2,1.5,1.5,0.5,0.5,-0.29,1
CF,2,3,-2,-4,-4,0,-2,0.8,8.4,3,0.1,1.1,1.2,1.5,2,0.9,2.3,2.3,1,2.2,1.3,1.6,0.39,2.5
CP,0,-2,-4,-4,-6,0,-4,0.7,0.1,0.1,0.1,0.1,0.5,0.7,0.1,0.4,0,0.3,0,0,0,0,-0.65,-9
CS,-1,-2,-1,-1,-2,0,-1,0.3,2,2.6,0.1,4.4,3,1.9,3.5,2.6,2.7,2.6,2.9,1.7,2,2.6,-0.2,3
CT,-5,-3,-1,-1,-2,-0.9,-1,2.2,1.9,0.1,0.3,2.1,1.9,0.1,0.8,1.7,1.5,0,1,0.9,0.7,1,-0.62,1
CW,-1,0,-5,-3,-5,-0.1,-5,0.1,0.1,0.1,0.1,0.9,0.1,0.1,1.2,0.3,0,0.2,0.9,0,0.1,0.2,0.82,-0.5
CY,-1,0,-3,-4,-5,0.1,-3,0.1,3.9,0.3,0.1,0.1,0.1,0.1,2.1,0.1,0.2,1.2,0.6,0.1,0.1,0.2,0.4,0.5
CV,3,5,-1,-1,-2,-0.6,-1,0.1,3.5,0.1,0.1,6.6,0.1,1.2,1.4,2.8,0.6,0.6,2,0.3,3.2,1.2,-0.19,1
QA,0,1,-1,-1,-2,0.1,-1,8.4,1.3,4.9,0.1,2.9,0.1,0.1,2.6,3.3,1,3.2,1.5,3.1,2.4,2.4,-0.16,-4
QR,16,12,1,1,1,-2,1,5.7,2.3,3.9,2.2,1.7,3.1,2.9,2.6,4.1,1.6,3.5,2.5,3.7,1.7,3.3,0.15,-2.5
QN,13,10,0,0,0,0.8,0,2,0.1,3.3,2,2.6,1.9,0.1,0.1,2,1.3,2.1,1.7,1.8,1.3,1.6,0.2,-1
QD,16,13,0,0,-1,1.2,0,4.5,1,2.3,0.1,2.8,0.1,0.1,3.8,1.6,0.7,1.8,1.3,1.7,0.9,1.7,0.16,-2.5
QC,-10,-9,-3,-4,-5,-0.1,-3,0.3,0.1,0.1,0.1,0.1,0.1,0.1,0.1,0.3,0,0,0,0.1,0.4,0.2,-0.74,-3.5
QQ,21,17,6,8,9,0,7,47.5,55.8,48.8,44.4,74.3,71.6,70.3,61.4,61.3,63.2,52.5,51.2,51,67.3,58.4,0.48,7
QE,17,13,2,3,3,-1.5,2,8.2,7.5,4.8,9.2,1.5,3.3,4.6,2.8,3.7,5.4,4,7.4,5.9,2,4.9,0.25,-2.5
QG,0,0,-2,-3,-4,-0.5,-2,0.9,1.4,1.7,0.1,0.3,0.1,2.7,1.9,0.4,0.6,1.6,0.9,1,0.8,1,-0.14,-3.5
QH,6,2,1,1,1,0.4,1,1.6,2.5,2,1.4,3.4,0.1,4.6,0.1,2.2,0.9,2.5,0.9,1.7,1.9,1.8,0.37,-0.5
QI,-12,-12,-2,-4,-5,-0.5,-3,0.1,1.1,1.6,0.6,0.1,0.1,0.9,0.1,0,0.3,1.4,0.3,0.5,0.6,0.5,-0.95,-3.5
QL,-9,-9,-2,-3,-4,-1.4,-2,3.4,2.3,4.3,0.4,0.1,3,0.1,1.9,1.9,2.8,3.9,0.7,3,3.6,2,-0.74,-3.5
QK,22,16,1,2,2,-1.9,2,7.8,3.8,4.7,3.1,3.2,2.6,4.7,2.2,3.6,3.1,4.7,3.1,3.9,2.9,3.5,0.3,-2
QM,-2,-3,0,-1,-1,0.5,0,0.5,0.1,0.8,1.5,0.9,1.4,1.8,0.9,0.4,1.2,0.9,1.3,0.8,2.3,0.8,-0.97,-1.5
QF,-10,-10,-4,-5,-5,-0.3,-4,0.1,0.1,0.4,0.1,0.1,0.4,0.1,0.7,0.3,0.2,0.2,0.7,0.1,1,0.3,-0.85,-2
QP,1,0,-1,-2,-3,-0.3,-1,0.7,0.8,2.1,0.1,0.5,0.6,3.3,1.8,0.8,0.5,2.3,0.3,1,0.9,1,0.15,-6
QS,6,4,0,0,-1,0.1,0,5.3,2.5,1.6,1.6,0.5,0.1,0.1,3.5,2.1,0.9,0.7,2.3,2.3,1.3,1.9,-0.2,-2.5
QT,6,2,-1,-1,-1,0.7,-1,2.2,3.7,3.3,3.6,1.1,0.6,0.1,2.4,0.5,1.9,2.2,3.2,2.6,1.1,1.9,-0.07,-3.5
QW,-3,-5,-2,-3,-4,-0.2,-1,0.2,0.3,0.1,0.1,0.5,0.1,0.7,0.1,0.5,0.5,0.4,0,0.1,0.8,0.5,-0.83,1
QY,-3,-4,-1,-2,-3,0,-1,0.7,0.4,0.1,0.7,0.1,0.7,0.1,0.9,0.5,0.6,0,0.5,0.6,0.4,0.5,-0.02,-2
QV,-12,-12,-3,-3,-4,-0.8,-3,0.5,1.9,0.9,1.6,0.1,0.5,0.1,0.1,0.5,1.2,1.4,1.1,1.4,0.5,0.6,-0.68,-3.5
EA,2,1,-1,-1,-2,5.7,-1,5.3,1.5,3.8,5.1,1.4,0.9,2.2,1.4,4,1.3,3.8,3.3,4.3,4,3.2,0.03,-7
ER,13,10,0,0,-1,-0.9,0,1,0.6,1,0.5,0.1,1.2,0.1,2.8,1.1,0.8,1,1,0.9,1.8,1,-0.02,-9
EN,10,8,0,0,-1,1.9,0,1.5,1.7,1.1,0.5,0.2,1,1.4,0.1,1.5,1.4,1.3,0.7,1.3,0.6,1.4,0.19,-4.5
ED,15,10,2,2,2,2.7,2,8.6,8.4,7,4.3,1.5,4.4,9.3,0.8,6.6,5.6,7.4,3.4,6.7,2.5,5.8,0.32,2
EC,-8,-6,-3,-5,-7,0.3,-3,0.1,0.1,0.1,0.1,0.2,0.1,0.1,0.1,0.4,0.1,0.3,0.4,0.2,0.4,0.3,-0.64,-7
EQ,17,13,2,3,3,1.5,2,4.9,2,3.5,3,4.4,2.3,3.8,3.6,6,2.2,4.1,2.9,4.5,3.8,4.3,0.25,-2.5
EE,11,8,6,7,8,0,6,56.8,66.4,57.8,57.1,80.7,67.9,71.2,70.2,61.5,66.1,60,60.6,58.3,62.5,62.1,0.36,7
EG,1,0,-2,-3,-4,0,-3,1.5,0.6,1.1,1.4,1.3,2.3,0.3,2.2,1.4,1.3,0.9,1.2,1.1,1.8,1.2,0.13,-6.5
EH,4,1,0,0,0,-0.4,0,1,1.1,1.5,0.7,0.1,0.1,0.1,1.8,0.8,0.8,1.2,0.8,1.1,0.5,0.9,0.13,-3
EI,-11,-10,-3,-5,-6,0.5,-4,0.3,0.5,1.1,0.5,1.1,0.1,0.1,0.1,0.4,0.4,0.8,0.2,0.6,0.1,0.4,-0.86,-7
EL,-8,-7,-2,-4,-6,-0.4,-3,0.9,0.7,1.7,0.6,2.8,0.7,0.1,0.1,1.1,0.7,1.2,0.5,1,2.5,1.1,-0.8,-7
EK,17,13,1,1,1,-1.7,1,5.8,4.2,4.5,1.1,2.5,1.7,3.4,2.4,4.8,3.1,4.7,1.2,4.2,1.6,4,0.25,-7.5
EM,1,0,-2,-3,-4,0.4,-2,0.1,0.1,0.4,0.1,0.1,0.1,0.1,0.1,0.3,0.2,0.3,0.1,0.5,0.3,0.2,-0.87,-6
EF,-7,-7,-3,-5,-6,-0.1,-3,0.2,0.1,0.4,0.1,0.1,0.4,0.1,0.1,0.1,0.1,0.3,0,0.3,0,0.1,-0.81,-5.5
EP,5,0,0,-2,-2,-0.7,-1,1.6,0.6,1.7,0.1,0.1,0.1,3,1.1,1.1,0.5,2,0.4,1.4,0.5,1.2,-0.13,-7
ES,6,3,0,0,-1,2.7,-1,2.1,3.3,3.3,1.6,0.7,0.2,1.2,0.1,2.2,2.6,2.9,1.3,2.5,2.5,2.2,-0.19,-5
ET,3,1,-1,-1,-2,2.2,-1,2.4,1.5,1,0.9,0.1,0.1,3.2,0.1,1.7,1,1.5,0.7,1.8,1,1.3,-0.09,-6.5
EW,-6,-5,-3,-4,-6,-0.2,-3,0.2,0.4,0.4,0.1,0.1,0.1,0.1,0.1,0.1,0.3,0.2,0,0.2,0,0.2,-0.66,-6
EY,-1,-1,-2,-3,-5,-0.1,-2,0.1,0.1,0.3,0.1,0.6,1,0.1,0.9,0.2,0.2,0.2,0.3,0.1,1.3,0.1,-0.11,-5.5
EV,-12,-11,-3,-4,-4,-0.1,-3,1.1,2,1,1,0.6,2.3,1.5,0.1,0.9,1.8,1,0.6,1.3,2.5,1.2,-0.42,-6.5
GA,5,1,0,0,0,-1.8,0,2,2.7,2.8,1.5,7,2.8,1.6,0.5,3.7,2.5,2.7,1.2,2.6,3.6,2.5,0.19,0.5
GR,0,0,-2,-3,-4,-0.8,-3,1.2,0.1,0.4,0.3,0.8,0.1,0.3,0.1,1,0.4,0.4,0.2,0.4,0.3,0.4,0.2,-5.5
GN,8,7,0,-1,-1,0.4,0,2.3,0.1,2.9,1.4,1.3,0.1,0.3,0.5,1.2,0.3,2.2,1,2.2,0.6,1.4,-0.11,-3
GD,7,8,-1,-2,-3,1,-1,3.3,0.1,2.8,1.7,0.5,0.7,0.7,1.1,1.4,0.6,2.1,1.3,2.3,0.5,1.6,0.15,-4.5
GC,1,0,-3,-4,-6,0.3,-3,0.1,0.1,0.1,0.4,0.2,0.1,0.1,0.1,0.4,0.3,0.6,0.3,0.3,0.3,0.4,-0.18,-1.5
GQ,0,0,-2,-3,-4,0.5,-2,0.4,0.1,0.8,0.3,1.3,0.1,0.1,0.4,0.8,0.3,0.6,0.4,0.6,0.4,0.5,-0.14,-3.5
GE,1,0,-2,-3,-4,0,-3,0.1,1,1.9,0.9,1.8,0.1,0.3,0.5,1.1,0.3,1.5,0.8,1.6,0.4,1.1,0.13,-6.5
GG,24,18,7,8,9,0,8,6,82.8,74.8,70.2,80.3,87.6,91.5,91.6,69.8,84.6,78.5,77.9,71,85.7,77.8,0.43,7
GH,6,5,-2,-3,-4,0.2,-2,4.8,0.1,0.4,0.4,0.3,0.6,0.1,0.1,0.4,0.5,0.3,0.3,0.3,0.2,0.3,-0.19,-5.5
GI,-10,-8,-4,-6,-7,0,-4,0.8,0.1,0.1,0.1,0.1,0.1,0.1,0.1,0.1,0,0,0.1,0,0.1,0,-0.58,-2.5
GL,-9,-8,-3,-5,-7,-0.1,-4,0.1,0.6,0.1,0.2,0.3,0.1,0.3,0.1,0.4,0.1,0.2,0.1,0.1,0.3,0.2,-0.56,-2
GK,-1,0,-2,-2,-3,-0.5,-2,0.1,0.6,1.7,0.4,0.7,0.1,1,0.1,0.9,0.2,1.5,0.5,1.2,0.5,1,-0.16,-4.5
GM,-3,-5,-2,-4,-5,0.4,-3,1.4,0.4,0.1,0.2,0.1,0.1,0.1,0.1,0.3,0.2,0.1,0.1,0.3,0.1,0.1,-0.61,-1.5
GF,-4,-3,-3,-5,-6,-0.5,-4,0.3,0.8,0.4,0.3,0.1,0.1,0.1,0.1,0.4,0.1,0.3,0.1,0.5,0.1,0.2,-0.52,-1
GP,13,10,-2,-3,-5,-0.2,-2,0.6,0.1,0.3,0.2,0.1,0.3,0.1,0.6,0.3,0.3,0.2,0.5,0.3,0.2,0.3,-0.14,-4.5
GS,8,6,0,0,-1,0.1,0,0.1,1.8,2.2,2.1,1.6,1.4,1.6,1.9,1.2,1.4,1.9,2,2.2,1.7,1.9,0,0.5
GT,1,1,-2,-2,-3,-0.1,-2,1.2,2.8,1.9,0.8,1.1,0.3,0.1,0.5,0.7,0.8,1.5,0.8,1.7,0.7,1.1,-0.09,-1.5
GW,-1,-1,-2,-4,-6,-0.1,-3,0.6,0.1,0.1,0.1,0.1,0.1,0.1,0.1,0,0.1,0.1,0.1,0.2,0.2,0.1,-0.15,-4
GY,-2,-1,-3,-5,-6,0.3,-3,0.1,0.1,0.1,0.3,0.1,0.1,0.1,0.3,0.3,0,0.1,0.3,0.2,0.1,0.2,-0.35,-3.5
GV,-8,-7,-3,-5,-6,0.4,-4,0.5,0.1,0.3,0.4,0.9,0.4,0.1,0.1,0.8,0.5,0.2,0.4,0.4,0.4,0.4,-0.15,-2.5
HA,-2,-2,-2,-2,-3,0.2,-2,0.3,1.2,1.8,1.2,0.9,0.1,1,0.6,0.4,0.2,2.5,1.4,0.9,0.6,0.9,-0.21,-3
HR,4,2,0,0,0,-0.1,0,4.7,10,0.1,0.5,1.9,5,0.1,0.2,4.2,4.9,0.5,1.2,3.3,0.8,2.7,0.11,-4.5
HN,5,2,1,1,1,0.3,1,7.5,5.7,4,0.1,1,1.3,0.1,2.9,4.9,3,3.1,1.9,5,0.9,2.8,0.21,2.5
HD,8,4,0,-2,-2,0.2,-1,1.8,0.1,0.1,4.2,0.4,2.2,0.1,1.4,1.4,1,0.1,2.3,1,0.6,1.1,0.18,-3.5
HC,-2,-1,-3,-4,-7,-0.1,-3,0.1,0.7,0.6,0.1,0.1,0.6,0.1,1.2,0,0.8,0.7,0.6,0.1,0.4,0.3,-0.29,-5
HQ,6,2,1,1,1,-0.4,1,4.4,0.3,2.9,2.6,2.9,3,0.1,0.7,3.4,2.7,1.8,1.4,2.2,1.4,2.4,0.37,-0.5
HE,4,1,0,0,0,0.4,0,0.7,4.2,1.4,1,1,2.5,1.2,0.1,1,2.3,2.4,0.5,1.7,0.5,1.4,0.13,-3
HG,6,5,-2,-3,-4,-0.2,-2,0.1,0.8,0.7,0.1,0.1,0.1,0.1,0.1,0.1,2.1,0.7,0.3,0.8,0,0.8,-0.19,-5.5
HH,7,5,10,11,12,0,10,56.9,45.8,56,50.8,85,70.9,85.1,84.6,65.5,60.3,64.6,68.2,54.8,84.1,65.4,0.54,10
HI,-4,-3,-3,-5,-6,0.1,-4,0.6,0.1,0.6,0.1,0.1,0.1,0.1,0.7,0.5,0,0.6,0.9,0.6,0.6,0.5,-0.69,-4
HL,-5,-4,-2,-4,-5,0.3,-3,0.1,1.7,0.4,0.1,0.1,1.6,0.1,1.1,0.1,2.3,0.7,0.8,1.1,1,1.5,-0.5,-4
HK,3,2,-1,-1,-1,-0.4,0,2.3,1.8,2.9,1.9,2.2,0.5,0.9,0.1,2.5,0.3,2.6,0.3,1.3,0.6,1.5,0.14,-5.5
HM,-1,-2,0,-2,-4,0,-1,1.2,1.3,0.2,0.3,0.6,0.9,1.7,0.1,0.6,1,1,0.2,0.5,0.8,0.8,-0.86,-4
HF,-1,-1,-2,-2,-2,-0.5,-1,2.2,0.1,2.8,0.9,1.6,1,2.6,1.6,1.7,0.9,2.2,1.3,1.9,2,1.5,-0.43,-1
HP,4,3,-2,-3,-4,0.2,-2,0.1,0.1,2.2,3.9,0.5,0.5,2.8,0.1,0.2,1.7,2.6,0.7,1.4,0.3,1,0.14,-8
HS,3,2,-1,-1,-2,0.3,-1,0.1,8.3,2.2,4.8,0.9,2.3,1.2,0.1,0.4,4.4,2,2.1,2.6,0.5,1.9,-0.15,-2.5
HT,4,3,-2,-3,-3,0,-2,0.1,10.8,0.1,0.1,1.1,0.1,1.2,0.1,1.4,3.6,0.8,0.1,0.1,0.5,0.5,-0.13,-3.5
HW,3,-1,-3,-4,-4,-0.3,-3,0.1,0.1,0.9,0.1,0.1,0.9,0.1,0.1,0,0.6,0,0.4,0,0.6,0.4,-0.7,-1
HY,0,0,2,3,3,-0.3,2,4.4,4.6,5.9,0.9,0.1,1.1,1.9,3.2,2,1.6,5.1,2.6,4.4,2.6,2.9,0.35,2.5
HV,-4,-3,-3,-5,-5,0.1,-4,0.1,2.8,0.1,0.1,0.6,0.1,0.1,0.1,0.5,0.7,0,0,2.4,0.2,0.3,-0.59,-4.5
IA,-6,-3,-1,-2,-3,0.8,-1,0.1,0.1,0.1,1.2,1.1,0.4,0.1,0.1,0.6,0.4,0.4,0.6,0.3,0.4,0.8,-0.45,0
IR,-11,-10,-3,-4,-5,-0.2,-4,0.1,2.5,0.1,0.1,0.7,0.4,0.1,0.4,0.3,0.5,0.1,0.4,0.3,0.3,0.3,-0.82,-5.5
IN,-11,-11,-2,-5,-6,0.2,-3,0.1,0.5,0.1,0.1,0.3,0.3,1.2,0.1,0.4,0.4,0.2,0.2,0.2,0.3,0.4,-0.83,-4
ID,-14,-12,-4,-5,-7,0,-4,0.1,0.1,0.1,0.1,0.2,0.1,0.1,0.4,0.1,0.1,0,0.1,0.1,0.2,0.1,-0.78,-6.5
IC,2,4,-3,-2,-2,0.1,-2,0.1,0.5,0.5,0.1,0.1,0.4,0.1,0.1,0.3,0.6,0.4,0.6,0.3,0.4,0.4,-0.13,-0.5
IQ,-12,-12,-2,-4,-5,0.5,-3,0.4,0.1,0.1,0.1,0.1,0.1,0.2,0.3,0.1,0.1,0.3,0.3,0.2,0.1,0.1,-0.95,-3.5
IE,-11,-10,-3,-5,-6,-0.5,-4,0.1,0.1,0.1,0.7,0.2,0.1,0.5,0.6,0.4,0.1,0.4,1,0.3,0.2,0.4,-0.86,-7
IG,-10,-8,-4,-6,-7,0,-4,0.1,0.1,0.1,1.6,0.5,0.1,0.1,0.7,0.3,0,0,0.4,0,0,0.2,-0.58,-2.5
IH,-4,-3,-3,-5,-6,-0.1,-4,0.1,0.1,0.1,0.9,0.1,0.1,0.1,0.1,0.1,0.1,0.1,0.2,0.1,0.1,0.1,-0.69,-4
II,10,11,5,6,7,0,5,5,54.4,65.5,41.7,75.2,64.4,76.1,71.1,65.9,62,68.5,55,54.4,73.9,64.8,0.75,6
IL,8,8,2,2,2,-0.3,2,2.6,5.4,7,3.8,7.3,8.9,7.3,7.6,6.9,8.3,6.5,5.2,7.6,7.7,7.7,0.48,3.5
IK,-13,-12,-3,-4,-5,-0.6,-3,10.8,1.1,0.1,2.2,0.3,0.2,0.4,0.1,0.5,0.3,0.3,1.1,0.7,0.4,0.4,-1.01,-5.5
IM,2,3,2,2,2,1.3,2,1.2,2.9,2.4,0.1,2.3,2,4,1.4,2.1,2.2,3.1,1.6,2,2.2,2,0.67,4
IF,6,7,0,0,-1,-0.2,0,3.5,4.5,0.8,0.4,1.3,2.3,1.2,1.5,1.5,2.6,1.1,1.6,1.5,1.5,1.7,0.45,1.5
IP,-14,-9,-2,-4,-5,0.2,-3,1.3,0.3,0.5,1.3,0.1,0.4,0.1,0.1,0.2,0.3,0.4,0.9,0.6,0.2,0.3,-0.78,-4
IS,-8,-7,-2,-4,-4,0.3,-3,0.1,0.1,0.1,0.1,0.5,0.7,0.1,0.7,0.3,0.4,0.1,0.4,0,0.3,0.3,-0.68,-1.5
IT,-4,-2,-1,-1,-2,0.8,-1,0.1,3.9,2.7,0.8,1.8,1.6,1.9,0.8,1.6,1.5,2.2,1,2.1,0.8,1.6,-0.59,0.5
IW,4,4,-2,-4,-5,-0.5,-3,3.4,0.1,0.7,0.7,0.2,0.4,0.1,0.3,0,0.3,0.1,0.7,0.3,0.2,0.3,-0.23,-1.5
IY,2,3,0,-2,-3,0,-1,0.1,1.5,0.9,0.5,0.4,0.3,0.1,0.1,0.3,0.5,0.5,0.3,0.6,0.2,0.3,-0.35,-2.5
IV,9,11,3,4,4,-2.1,4,0.1,22.8,8.8,13.6,6.3,14.4,6.9,12.5,7.3,15.1,7.7,11.5,11.3,8.8,10.9,0.41,4.5
LA,-2,0,-1,-2,-3,-0.5,-2,0.8,1,0.7,0.7,0.7,0.6,1.6,0.8,0.7,0.8,1.3,0.8,0.7,0.6,0.9,-0.45,0
LR,-8,-7,-2,-3,-4,-0.5,-3,0.6,0.6,3.1,1,0.2,0.1,1,0.2,0.6,0.2,2.2,0.6,1.2,0.3,0.7,-0.74,-4.5
LN,-9,-9,-3,-5,-6,0.5,-4,0.1,0.7,0.3,0.4,0.5,0.1,0.1,0.1,0.5,0.2,0.2,0.2,0.4,0.4,0.2,-0.9,-3.5
LD,-11,-10,-3,-5,-7,0.8,-4,0.1,0.1,0.1,0.2,0.1,0.1,0.4,0.1,0.1,0.1,0.7,0.1,0.1,0.2,0.1,-0.75,-6
LC,1,2,-2,-2,-3,-0.2,-2,0.1,0.1,0.1,0.3,0.4,0.2,0.4,0.3,0.3,0.5,0.2,0.3,0.2,0.5,0.3,-0.02,1
LQ,-9,-9,-2,-3,-4,1.4,-2,1.1,2.1,0.1,2.1,0.6,0.1,2.4,1.2,0.7,0.7,1,1.5,0.8,0.9,1,-0.74,-3.5
LE,-8,-7,-2,-4,-6,0.4,-3,0.1,0.5,0.7,0.4,0.2,0.3,0.6,0.2,0.3,0.3,0.8,0.2,0.4,0.6,0.3,-0.8,-7
LG,-9,-8,-3,-5,-7,0.1,-4,0.2,0.1,0.3,0.4,0.1,0.3,0.5,0.1,0.1,0.3,0.4,0.3,0.3,0.2,0.1,-0.56,-2
LH,-5,-4,-2,-4,-5,-0.3,-3,0.2,1.8,0.4,0.6,0.4,0.1,0.9,0.5,0.3,0.6,0.4,0.6,0.6,0.2,0.4,-0.5,-4
LI,8,8,2,2,2,0.3,2,3.4,5.7,3.7,6,5.5,4.4,5.8,4,4.9,4.4,4.9,4.9,3.8,5,4.7,0.48,3.5
LL,9,10,5,6,6,0,5,67.3,60.3,68.3,57.6,78.6,77.6,75.9,78.4,72.6,72.2,70.1,68.2,64.4,78.6,71.7,0.61,5
LK,-10,-9,-3,-4,-4,-0.7,-3,0.6,0.9,0.8,0.1,0.7,0.1,0.5,0.6,1,0.3,0.4,0.7,0.8,1.1,0.8,-1.06,-6
LM,5,6,2,3,3,0.2,3,3.5,2.6,4.4,3.3,3,2.8,3.1,2.9,2.9,2.8,3.9,3,3.5,3,3.2,0.5,4
LF,5,6,1,1,0,-1,1,3.5,2.9,1.7,3.8,3.3,2.2,2.9,2.8,2.9,2.3,2.3,3,2.8,2.4,2.8,0.48,2.5
LP,-12,-9,-3,-4,-5,0.6,-4,0.1,1.7,0.6,1.3,0.1,0.2,0.1,0.7,0.2,0.5,0.3,0.9,0.5,0.3,0.3,-0.67,-5
LS,-7,-6,-3,-4,-4,-0.1,-3,0.1,1.2,0.3,0.1,0.6,0.1,0.1,0.2,0.3,0.3,0.3,0.1,0.3,0.1,0.2,-0.7,-1.5
LT,-6,-4,-1,-2,-3,-0.1,-1,0.7,0.1,1,0.5,0.2,0.3,0.4,0.6,0.7,0.3,0.8,0.7,0.6,0.4,0.6,-0.77,0.5
LW,2,3,-2,-2,-4,0.1,-2,0.1,0.1,1,0.1,0.1,0.3,0.1,0.1,0.2,0.2,0.6,0.2,0.5,0.2,0.2,0.13,-0.5
LY,0,2,0,-2,-2,-0.7,-1,0.1,0.7,1.3,0.1,0.6,0.8,0.4,0.8,1.1,0.8,1,0.8,0.7,0.5,0.8,-0.27,-1.5
LV,5,6,1,1,1,0.1,1,2.9,3.4,2.8,2.9,3.7,4.4,3,2.4,3.2,4.2,3.1,2.7,2.6,3.4,3.7,0.41,2.5
KA,1,1,-1,-1,-1,1.8,-1,4.1,1.6,4.7,3.5,0.1,0.6,1,0.8,3.1,1.6,3.8,3.4,3.8,1.8,2.9,-0.2,-5.5
KR,21,14,3,3,3,-3.4,3,8.3,8.1,8.1,6,5.3,10.7,5.8,7.1,8,9.8,8.2,6,7.9,5.4,8.1,0.04,-0.5
KN,12,10,0,0,0,2.4,0,3.5,2.1,2.6,2.2,3.4,0.1,5.9,1.5,3.2,1.5,2.7,1.7,2.3,1.6,2.3,0.38,-3.5
KD,16,11,0,-1,-2,0.7,-1,1.3,0.4,1.3,3.3,0.1,0.1,1.1,0.1,1.7,0.4,1.2,2.7,1.6,0.5,1.4,0.16,-5
KC,-11,-10,-3,-5,-6,0,-3,0.1,0.7,0.1,0.1,0.1,0.1,0.1,0.1,0.1,0.4,0,0,0.2,0,0.1,-0.81,-7
KQ,22,16,1,2,2,1.9,2,3.7,3.3,5.9,3.9,0.9,2.2,2.6,0.1,4.3,3.2,5.4,3.2,4.6,1.3,4.1,0.3,-2
KE,17,13,1,1,1,1.7,1,5.8,2.4,4.4,4.4,2.8,0.2,0.1,0.2,6,2.2,3.6,3.9,4.9,1.8,4.3,0.25,-7.5
KG,-1,0,-2,-2,-3,0.5,-2,1.1,0.3,1.3,1.8,0.8,0.1,1.7,5.1,1.1,0.3,1.4,2,1.2,1.7,1.1,-0.16,-4.5
KH,3,2,-1,-1,-1,0.4,0,1.2,0.7,1.6,0.8,0.1,1.5,0.1,2.1,1.1,1.2,1.3,1.3,1.3,1.5,1.2,0.14,-5.5
KI,-13,-12,-3,-4,-5,0.6,-3,0.3,0.8,0.1,0.1,0.1,1.5,0.1,1.4,0.5,1,0.1,0.4,0.4,1.6,0.4,-1.01,-5.5
KL,-10,-9,-3,-4,-4,0.7,-3,1,1.3,1.4,2.5,4.2,0.7,0.1,0.1,1.4,1.1,1.5,1.3,1.4,4.8,1.4,-1.06,-6
KK,28,20,5,7,8,0,6,55.3,61.5,58.1,52.1,73.1,67.7,76.7,71.1,58.5,60.9,60.8,55.4,56,46.8,58.7,0.49,6
KM,-4,-5,-1,-2,-3,0.8,-2,0.4,0.1,0.5,0.5,2.3,0.1,1.1,0.1,1,0.3,0.6,0.4,0.4,1.1,0.5,-1.03,-5.5
KF,-11,-10,-3,-5,-5,-0.7,-4,0.1,0.6,0.5,0.8,0.1,0.1,0.1,0.1,0,0.4,0.5,0.6,0.4,0.6,0.5,-1.03,-5.5
KP,5,1,-1,-2,-2,0.1,-1,0.2,0.5,0.5,2.6,0.1,0.4,0.1,0.8,0.5,0.5,0.4,1.9,0.9,0.4,1.2,-0.14,-4.5
KS,6,4,-1,0,-1,2.6,0,2.7,2.6,2.9,3.2,1.1,0.7,0.6,1.1,2.3,1.7,2.8,2.8,3,1.1,2.5,-0.14,-5
KT,7,2,-1,-1,-1,1.4,-1,3.7,4.6,2,2.6,1.5,1.7,3.9,0.1,3.1,3.4,2.1,1.9,3.2,2.8,2.6,0.09,-5
KW,-8,-7,-2,-4,-6,0,-3,0.1,0.3,0.1,0.1,0.1,0.1,0.1,0.1,0.5,0.4,0,0.2,0.1,0.2,0.1,-0.92,-5.5
KY,-3,-4,-1,-3,-4,0.1,-2,0.2,0.1,0.5,0.1,1.4,0.4,0.1,0.1,0.4,0.6,0.4,0.2,0.3,1.1,0.3,-0.12,-3.5
KV,-14,-13,-2,-3,-4,1.1,-3,1.9,0.9,1.5,1,2,0.9,0.1,3,1.7,0.9,1.1,1.3,1.4,3.7,1.4,-0.79,-7
MA,2,1,-1,-1,-2,-0.2,-1,5.2,6.3,1.3,0.1,2.6,3.1,0.1,0.4,3.3,4.4,0.4,0,2.8,1.2,2,-0.47,0
MR,-1,-2,-1,-2,-3,-0.1,-2,4.3,3.2,0.8,0.1,0.1,0.1,1,0.1,0.3,1.9,1.2,0,0.7,0.2,0.8,-0.83,-4
MN,-3,-4,-2,-3,-4,0.2,-2,3.2,0.1,0.1,0.1,0.5,0.6,0.6,0.1,0.6,0.4,0.1,0.2,0.2,0.3,0.2,-0.97,-3
MD,-7,-6,-3,-5,-6,-0.1,-4,0.1,0.1,0.1,0.1,0.1,0.4,0.1,0.8,0.1,0.2,0,0.4,0,0.2,1.3,-0.9,-6
MC,0,1,-2,-2,-3,0,-2,0.5,0.1,0.4,0.1,0.4,0.6,0.2,0.1,0.4,0.8,0.9,0.4,0.4,0.7,0.4,-0.29,1
MQ,-2,-3,0,-1,-1,-0.5,0,2,2.7,0.1,0.1,1.1,2.8,0.1,0.1,1.6,2.7,0.2,0.3,1.1,0.6,1,-0.97,-1.5
ME,1,0,-2,-3,-4,-0.4,-2,5.4,2.6,0.1,0.3,0.1,0.1,1.7,0.1,1.3,1,1.3,0.6,1.9,0.3,0.9,-0.87,-6
MG,-3,-5,-2,-4,-5,-0.4,-3,1.5,0.1,0.1,0.1,0.6,0.5,0.1,0.1,1.1,1,0,0,1.1,0.4,0.6,-0.61,-1.5
MH,-1,-2,0,-2,-4,0,-1,0.1,0.1,0.6,1,0.1,0.1,0.1,0.6,0.1,0.2,0.2,0.8,0.1,0.2,0.2,-0.86,-4
MI,2,3,2,2,2,-1.3,2,7.4,4.9,4.7,7.9,5.6,4.4,2.4,6.8,5.8,4.4,3.3,6.5,6.6,5.1,5.5,0.67,4
ML,5,6,2,3,3,-0.2,3,9.3,2.3,6.8,9.1,11.9,9.4,8.3,9.9,11.8,7.5,7.8,9.4,7.7,12.2,9.2,0.5,4
MK,-4,-5,-1,-2,-3,-0.8,-2,3,7.8,0.8,1,0.1,0.1,0.8,0.1,0.2,1.4,0.9,0.1,1.8,0.3,0.8,-1.03,-5.5
MM,2,4,6,8,9,0,7,44,46.5,61,45.8,65.8,63.4,78.9,69.7,58.3,56.2,67.3,56.8,49.9,68.7,59.4,0.97,7
MF,2,3,0,0,0,0.3,0,1.3,1,2.9,2.2,2.6,3.1,3,0.1,1.8,2.4,3.3,0.6,2.1,2.2,2.2,0.35,2.5
MP,-10,-9,-2,-4,-4,-0.2,-3,0.1,0.1,0.1,1.7,0.1,0.7,0.1,0.1,0,0.5,0,0.1,0.1,0.1,0.1,-0.82,-5
MS,-5,-5,-2,-2,-3,-0.2,-2,2.4,3.9,0.1,0.1,0.1,0.1,0.1,1.4,1,1.9,0.1,0.5,1.4,0.1,0.6,-0.75,-1
MT,-4,-3,-1,-1,-1,0.1,-1,4.3,2.2,1.1,6.3,2.7,2.5,0.1,0.1,3.1,2.5,0.7,3,2.7,0.4,1.7,-0.61,1.5
MW,2,2,-2,-2,-3,0.2,-1,0.1,0.1,0.1,0.1,0.9,0.1,0.1,0.1,0.7,0.1,0.4,0.2,0.8,0.4,0.2,0.04,-0.5
MY,1,2,0,-1,-3,-0.1,0,0.1,0.1,2.8,0.1,0.1,0.5,0.1,0.1,0.2,0.1,1.3,0.1,0.8,0.1,0.2,-0.56,-1.5
MV,0,1,1,1,1,-1,1,6,4.2,1.8,2.2,2.9,3.6,3.5,6.5,4.1,3.2,2.9,4.5,3.5,4.2,3.4,0.41,2.5
FA,-4,-2,-2,-3,-4,0.2,-3,1.7,0.1,0.1,0.3,0.4,0.2,0.3,0.1,1.1,0.1,0,0.2,0.6,0.2,0.3,-0.47,0
FR,-8,-8,-2,-4,-5,0.5,-3,0.1,0.1,0.8,0.7,0.1,0.1,0.1,0.1,0,0.1,0.6,0.4,0.5,0.1,0.2,-0.79,-5.5
FN,-9,-9,-2,-4,-6,0.4,-4,0.3,0.6,0.7,0.8,0.1,0.1,0.5,0.1,0.3,0.2,0.9,0.2,0.5,0.1,0.4,-0.71,-2
FD,-10,-9,-4,-5,-6,0.1,-5,0.5,0.1,0.1,0.1,0.3,0.1,0.1,0.1,0.3,0.1,0,0,0.2,0.1,0.2,-0.62,-5.5
FC,2,3,-2,-4,-4,0,-2,1,0.1,0.4,0.1,0.1,0.3,0.1,0.1,0.3,0.6,0.6,0.2,0.5,0.3,0.4,0.39,2.5
FQ,-10,-10,-4,-5,-5,0.3,-4,0.8,0.1,0.4,0.1,0.1,0.1,0.1,0.5,0.4,0,0.7,0.5,0.4,0.2,0.4,-0.85,-2
FE,-7,-7,-3,-5,-6,0.1,-3,0.5,0.1,0.1,0.1,0.2,0.1,0.1,0.1,0.3,0,0.1,0,0.2,0,0.2,-0.81,-5.5
FG,-4,-3,-3,-5,-6,0.5,-4,0.1,1,0.1,0.1,0.2,0.3,0.1,0.5,0.1,0.6,0.1,0.3,0.1,0.4,0.3,-0.52,-1
FH,-1,-1,-2,-2,-2,0.5,-1,0.1,1.1,0.1,0.1,0.4,0.4,0.8,0.5,0.4,0.4,0.8,0.4,0.5,0.5,0.4,-0.43,-1
FI,6,7,0,0,-1,0.2,0,0.7,2.1,0.6,1.4,0.5,2.4,0.7,1.1,0.5,2.4,0.6,1.2,1.7,1.5,1.4,0.45,1.5
FL,5,6,1,1,0,1,1,1.5,1.9,3.5,2.5,6.5,3,2.7,4.1,5.5,2.9,3.1,3.6,2.8,4.7,3.7,0.48,2.5
FK,-11,-10,-3,-5,-5,0.7,-4,0.1,0.1,0.9,0.7,0.1,0.2,0.3,0.1,0,0.2,0.6,0.1,0.7,0.1,0.1,-1.03,-5.5
FM,2,3,0,0,0,-0.3,0,0.4,2.1,0.7,0.1,0.5,1.1,1.1,0.7,0.6,1.4,0.9,0.6,0.6,1,0.9,0.35,2.5
FF,8,8,8,9,10,0,8,67.6,66.1,70,69.1,78,79.7,81.2,78.6,72.9,75.8,73.1,70.9,66.6,80.2,73.8,0.61,8
FP,-6,-5,-3,-5,-6,0,-4,0.1,0.1,0.7,0.1,0.3,0.1,0.1,1.1,0.3,0,0.4,1.1,0.4,0.1,0.3,-0.76,-4.5
FS,-5,-5,-2,-4,-4,0.5,-3,2.1,2.1,0.1,0.1,0.3,0.6,1.2,1.1,0.8,0.9,0.5,0.8,0.8,0.5,0.9,-0.53,-0.5
FT,-4,-3,-1,-3,-4,-0.8,-2,1.8,0.6,0.1,0.1,0.5,0.7,0.1,0.7,0.9,0.7,0,0.7,0.5,0.4,0.6,-0.75,0
FW,5,4,1,1,0,-0.7,1,0.1,0.9,2.9,0.9,2.9,1.2,1.3,0.7,2.2,1.2,1.8,1.1,1.1,1.6,1.4,0.25,3.5
FY,3,3,3,4,4,0.5,4,7.1,10.5,2.4,7.5,7.1,5.2,6.7,5.7,6.7,6.3,5.7,5.9,5.9,4.6,6.4,0.14,5
FV,5,7,0,-1,-2,0.3,-1,0.1,2.9,1.5,0.3,1,1.7,2.1,2,1,2,1.8,1.7,1.2,1.4,1.5,0.36,1
PA,2,-1,-1,-1,-1,2,-1,1.7,6.2,7.5,6.7,0.1,1.8,1.7,3.7,1.5,3.6,4.6,5.1,4.9,4.6,3.5,0.17,-4
PR,2,1,-2,-3,-3,-0.5,-3,1,0.1,1.7,0.8,0.1,0.5,0.3,0.5,0.8,0.2,1.4,0.8,1.3,0.4,0.9,0.14,-8
PN,11,8,-2,-3,-4,0.8,-2,0.5,0.6,1,0.2,0.8,0.1,0.9,1.1,0.6,0.3,1.1,0.5,0.6,1,0.6,-0.12,-6
PD,11,7,-1,-2,-3,0.6,-1,3.1,0.7,1.2,0.3,0.1,0.1,0.1,0.1,1.8,0.3,0.8,0.3,0.8,0.2,0.6,-0.15,-7
PC,0,-2,-4,-4,-6,0,-4,0.1,0.1,0.1,0.1,0.1,0.1,0.1,0.1,0.1,0,0.1,0,0,0.1,0,-0.65,-9
PQ,1,0,-1,-2,-3,0.3,-1,0.6,0.7,0.4,1.3,1.1,1.3,0.5,1.1,0.7,1.1,0.6,1.4,0.8,1.2,0.8,0.15,-6
PE,5,0,0,-2,-2,0.7,-1,0.6,0.1,2.2,2,1.2,0.7,0.1,0.9,0.8,0.3,1.5,1.7,1.3,0.8,1,-0.13,-7
PG,13,10,-2,-3,-5,0.2,-2,0.1,0.8,0.7,1.3,0.8,0.5,0.6,0.3,0.5,1.1,0.7,0.8,0.9,0.9,0.7,-0.14,-4.5
PH,4,3,-2,-3,-4,-0.2,-2,1,0.1,0.4,0.2,1,0.1,0.1,0.2,1,0.4,0.6,0.4,0.4,0.8,0.4,0.14,-8
PI,-14,-9,-2,-4,-5,-0.2,-3,0.8,0.1,0.9,0.1,0.7,0.1,0.6,1.7,0.9,0.1,0.7,0.3,0.4,1,0.5,-0.78,-4
PL,-12,-9,-3,-4,-5,-0.6,-4,1.5,1.3,0.8,0.6,0.1,0.3,1.4,0.7,0.9,0.8,1,0.8,1,1.3,0.9,-0.67,-5
PK,5,1,-1,-2,-2,-0.1,-1,2.7,0.5,2.3,0.4,0.2,0.7,0.1,0.1,2,0.4,1.6,0.5,1.3,0.3,0.9,-0.14,-4.5
PM,-10,-9,-2,-4,-4,0.2,-3,0.1,0.1,0.4,0.1,0.1,0.1,0.1,0.8,0,0.1,0.2,0.4,0.3,0.5,0.6,-0.82,-5
PF,-6,-5,-3,-5,-6,0,-4,0.1,0.1,0.1,0.1,0.1,0.1,0.1,0.1,0.1,0,0.4,0.3,0.1,0.4,0.1,-0.76,-4.5
PP,51,33,9,11,12,0,10,65.9,67.1,70.2,64.2,85.9,73.3,90.7,83.5,69.1,69.9,76.2,69.9,66,73.3,71.2,0.56,11
PS,6,5,-1,-1,-2,1.8,-1,5.2,2.7,3,3.6,1.8,4.4,1.8,1.9,3.1,3.1,2.7,2.7,3.5,2.9,2.8,0.24,-4
PT,5,3,-1,-2,-3,0.5,-1,1.8,2.5,2.4,0.6,1.9,0.8,0.3,0.4,1.4,1.2,1.8,0.5,1.3,1.5,1.4,0.25,-3.5
PW,-5,-4,-3,-5,-7,-0.1,-4,0.1,0.1,0.1,0.1,0.1,0.1,0.1,0.1,0.3,0,0.1,0,0.1,0,0,-0.71,-4.5
PY,-5,-4,-3,-4,-6,0.1,-3,0.3,0.3,0.2,0.7,0.1,0.1,0.1,0.1,0.1,0.1,0.2,0.5,0.4,0,0.5,-0.2,-5.5
PV,-7,-5,-3,-4,-4,0.2,-3,0.2,0.1,0.6,1.9,1.8,0.1,0.1,0.7,0.8,0.1,0.4,1.4,0.9,1,0.7,-0.47,-4
SA,1,0,1,2,2,0.4,1,18.1,2,10.8,5,4.9,2.5,14.2,4,9.5,2.3,8.2,4.4,7.4,7.1,5.1,0.16,2
SR,6,4,-1,-1,-2,-2.2,-1,1.2,0.1,1.1,0.9,1,3,1.8,0.4,2,1.7,1.5,0.7,1.3,1.1,1.4,0.05,-6
SN,7,6,1,1,1,1.3,1,1.6,1.7,2.5,3.6,2.7,2.8,1.7,2.6,3.8,2.4,2.7,3.4,2.7,1.5,3,-0.02,0.5
SD,8,6,0,0,-1,0.3,0,2.7,0.1,5.3,3.5,0.1,1.1,4.3,1.9,2.3,0.8,4.2,3.2,3,0.8,2.2,-0.14,-5.5
SC,-1,-2,-1,-1,-2,0,-1,0.9,0.1,0.9,1.8,2.1,0.3,1.1,1.4,1.4,0.7,1.1,1.3,0.9,1.6,0.9,-0.2,3
SQ,6,4,0,0,-1,-0.1,0,0.4,0.1,1.7,1,1.8,1.1,1.5,0.2,2.5,0.7,1.8,0.9,1.1,0.9,1.1,-0.2,-2.5
SE,6,3,0,0,-1,-2.7,-1,2.4,1,1.8,1.6,0.1,1.4,1,1.5,2.1,0.9,1.6,1.3,1.9,0.6,1.5,-0.19,-5
SG,8,6,0,0,-1,-0.1,0,5,4.6,5.1,3.3,2.7,3.7,0.1,1.8,3.7,4,4.5,2.5,4.3,2.2,3.3,0,0.5
SH,3,2,-1,-1,-2,-0.3,-1,1.1,0.5,1,0.1,0.1,0.5,0.9,0.8,1.5,1.1,0.8,0.5,0.8,0.8,0.6,-0.15,-2.5
SI,-8,-7,-2,-4,-4,-0.3,-3,0.6,0.2,0.4,0.3,0.6,0.1,0.9,0.4,0.8,0.3,0.3,0.4,0.1,0.5,0.4,-0.68,-1.5
SL,-7,-6,-3,-4,-4,0.1,-3,0.2,0.7,1.4,0.3,0.6,0.1,0.8,0.4,0.9,0.1,1.2,0.4,0.5,0.4,0.5,-0.7,-1.5
SK,6,4,-1,0,-1,-2.6,0,3.5,0.9,3.1,0.8,0.1,0.8,1.7,0.7,1.7,1,2.6,1.2,1.8,0.7,1.4,-0.14,-5
SM,-5,-5,-2,-2,-3,0.2,-2,0.1,0.1,0.4,0.1,0.6,0.5,0.1,0.1,0.4,0.5,0.3,0.1,0.3,0.4,0.3,-0.75,-1
SF,-5,-5,-2,-4,-4,-0.5,-3,0.1,0.1,0.6,0.6,0.8,0.8,0.1,0.2,0.4,0.6,0.6,0.3,0.3,1.1,0.5,-0.53,-0.5
SP,6,5,-1,-1,-2,-1.8,-1,0.5,2.8,1.8,3.5,0.3,0.9,0.1,2.8,0.8,1.8,1.2,3.6,2.3,1.2,1.8,0.24,-4
SS,9,7,4,6,7,0,5,46.8,49.8,49.6,48.7,73.5,63.3,67.3,70.2,56.3,59.3,52.9,57.1,50.1,62.2,56.8,0.48,6
ST,5,4,2,2,2,-1.6,2,7.5,4.5,8.8,8.7,5.8,3.4,0.8,5.4,7.9,4.6,6.9,6.9,8.1,5.9,6.1,0.28,1.5
SW,-4,-3,-4,-4,-6,-0.1,-4,0.1,0.1,0.1,0.4,0.1,0.1,0.1,0.1,0.2,0.1,0.3,0.3,0,0.1,0.3,-0.29,-3
SY,-1,-1,-2,-3,-3,-0.1,-2,0.5,0.1,0.8,0.3,0.1,0.1,1,1.2,0.4,0.3,0.8,0.5,0.5,0.9,0.5,-0.04,-2
SV,-6,-5,-1,-2,-3,0,-2,1.4,1.5,0.7,2.6,0.6,0.5,0.1,0.5,0.7,0.7,0.7,1.2,1.3,1.2,0.8,-0.44,-1
TA,-2,-2,0,0,0,-0.9,0,7.5,3.4,2.9,4.5,4.1,2.9,1.1,1.4,3.8,2.9,2.9,3.2,4,3.8,3.1,0.18,1.5
TR,5,2,-1,-2,-2,-1.3,-1,0.3,1.5,1.3,0.1,1.6,0.4,0.1,0.4,0.9,1.3,0.9,0.7,0.9,0.5,0.9,0,-5
TN,4,2,0,0,0,1.5,0,2.5,2,2.9,2.3,0.1,0.7,2.6,2.6,1.4,1.4,3.1,2.7,2.5,0.8,2.2,0.11,-1.5
TD,4,3,-1,-2,-2,-1.2,-1,0.7,2.6,1.5,0.6,0.3,0.1,0.4,0.8,0.4,1.4,1.5,0.8,1.2,0.4,1.1,-0.1,-5.5
TC,-5,-3,-1,-1,-2,0.9,-1,0.1,0.1,0.1,0.4,0.4,0.4,1.3,0.8,0.4,0.4,0.2,0.5,0.2,0.9,0.4,-0.62,1
TQ,6,2,-1,-1,-1,-0.7,-1,0.4,0.4,1.5,1.7,0.4,1,0.1,1.3,0.4,0.7,1.3,1.6,1.3,0.8,1.1,-0.07,-3.5
TE,3,1,-1,-1,-2,-2.2,-1,0.2,3.9,1.5,0.5,0.9,1.8,0.1,0.8,0.6,2.6,1.5,0.5,1.2,0.9,1.2,-0.09,-6.5
TG,1,1,-2,-2,-3,0.1,-2,1.8,0.6,0.9,0.6,0.7,0.6,1.1,1.3,1,0.6,1,1,0.6,0.6,0.9,-0.09,-1.5
TH,4,3,-2,-3,-3,0,-2,0.8,0.1,0.2,0.4,0.1,0.3,0.1,0.7,0.5,0.9,0.2,0.6,0.6,0.3,0.6,-0.13,-3.5
TI,-4,-2,-1,-1,-2,-0.8,-1,2.4,1.8,2,2.4,0.1,2,0.9,0.9,1.4,2.1,2,1.7,2.8,3.1,2,-0.59,0.5
TL,-6,-4,-1,-2,-3,0.1,-1,4.8,1.4,1,1.9,2.2,0.6,0.1,0.1,2.7,1,0.6,0.9,2.3,1.7,1.4,-0.77,0.5
TK,7,2,-1,-1,-1,-1.4,-1,1.2,4.7,1.9,1,1,1.6,0.7,0.9,1.4,3.4,1.9,1.2,2,0.9,2,0.09,-5
TM,-4,-3,-1,-1,-1,-0.1,-1,1,0.1,0.6,0.1,0.5,0.7,1.5,0.7,0.8,0.6,1,0.8,0.7,1.7,0.8,-0.61,1.5
TF,-4,-3,-1,-3,-4,0.8,-2,0.1,0.1,0.1,0.6,0.5,0.1,0.3,0.1,0.3,0.2,0.1,0.2,0.2,0.2,0.1,-0.75,0
TP,5,3,-1,-2,-3,-0.5,-1,0.2,0.1,0.5,2.6,1.1,0.4,2.6,0.7,1.2,0.3,1.2,2,1.3,0.6,1.1,0.25,-3.5
TS,5,4,2,2,2,1.6,2,6.3,8.4,9.5,8.9,5.2,4.6,11.7,5.3,4.7,5.2,10,7.5,7.4,4.5,6.9,0.28,1.5
TT,10,6,5,7,8,0,5,48.8,59,54,51.4,72.1,70.2,72.3,76.9,59.9,64,60.7,58.8,53,68.2,61.8,0.45,4
TW,-2,-1,-3,-4,-5,-0.4,-3,0.1,0.3,0.3,0.1,0.1,0.1,0.1,0.1,0,0.2,0.2,0,0.3,0,0.1,-0.7,-4.5
TY,0,0,-1,-2,-3,0.4,-2,0.6,0.5,0.1,0.4,0.1,0.7,0.1,0.5,0.4,0.7,0.2,0.6,0.4,0.4,0.4,-0.27,-2.5
TV,-3,-1,0,0,0,-1.5,0,2.7,5,2.8,4,5,2.5,2.3,2.3,3.5,2.7,2.6,3.3,3.6,6.4,3.2,-0.44,1
WA,-2,-1,-2,-4,-5,0.4,-3,0.3,0.1,0.1,0.1,0.3,0.1,0.1,0.1,0.7,0,0.1,0,0.1,0,0.1,-0.51,-2.5
WR,-3,-4,-2,-4,-5,-0.2,-3,0.1,0.1,0.1,0.1,0.4,0.6,0.1,0.9,0.2,0.5,0.1,0.4,0.1,0.6,0.4,-0.26,-4.5
WN,-5,-4,-4,-6,-7,0,-4,0.1,0.1,0.1,1.1,0.1,0.1,0.1,0.1,0.1,0,0,0.5,0.1,0,0.1,-0.79,-4
WD,-5,-4,-4,-6,-8,0.2,-5,0.1,0.1,0.1,0.1,1.1,0.1,0.1,0.1,0.9,0,0,0,0,0,0,-0.64,-6.5
WC,-1,0,-5,-3,-5,0.1,-5,0.1,0.1,0.7,0.1,0.1,0.2,0.7,0.1,0.1,0,0.9,0.2,0,0.4,0.7,0.82,-0.5
WQ,-3,-5,-2,-3,-4,0.2,-1,1.8,0.1,0.1,0.1,0.1,0.1,0.1,0.1,0.1,0.1,0.1,0,0,0.2,0.1,-0.83,1
WE,-6,-5,-3,-4,-6,0.2,-3,0.1,2.3,0.1,0.1,0.1,0.1,0.1,0.1,0,0.1,0,0,0,0,0,-0.66,-6
WG,-1,-1,-2,-4,-6,0.1,-3,0.1,2,0.1,0.1,0.1,0.1,0.6,0.1,0,0,0.4,0,0,0.2,0.5,-0.15,-4
WH,3,-1,-3,-4,-4,0.3,-3,0.1,0.1,0.1,0.1,0.1,0.1,0.1,0.1,0,0.1,0,0.1,0,0.1,0.1,-0.7,-1
WI,4,4,-2,-4,-5,0.5,-3,0.1,0.8,0.1,3.2,0.1,0.1,0.9,2.2,0,0.1,0.5,2.9,0.6,0.7,0.4,-0.23,-1.5
WL,2,3,-2,-2,-4,-0.1,-2,2.1,2.9,0.3,0.1,1.2,0.1,0.3,1.7,1,0.8,0.1,0.9,2,0.8,1,0.13,-0.5
WK,-8,-7,-2,-4,-6,0,-3,2.5,0.1,0.1,0.6,1.7,0.1,0.1,0.9,2.2,0.1,0,0.9,0.5,0.7,0.6,-0.92,-5.5
WM,2,2,-2,-2,-3,-0.2,-1,0.1,0.1,0.1,1.8,0.1,0.6,1.3,0.1,0.2,0.5,1.5,0.7,0.2,0.7,0.8,0.04,-0.5
WF,5,4,1,1,0,0.7,1,4.3,4.7,0.1,2.7,0.1,1.2,1.8,6.9,0.5,1.8,1.3,4.3,2.5,1.4,2.3,0.25,3.5
WP,-5,-4,-3,-5,-7,0.1,-4,0.1,0.1,1,0.1,0.4,0.1,0.1,0.1,0.1,0,0.3,0,0.4,0,0,-0.71,-4.5
WS,-4,-3,-4,-4,-6,0.1,-4,0.1,1,0.1,0.2,0.7,0.5,1.2,0.1,0.6,0.5,1.1,1.4,0,0.5,1.3,-0.29,-3
WT,-2,-1,-3,-4,-5,0.4,-3,0.6,0.1,0.1,0.1,0.1,0.1,0.7,0.1,0,0,0.7,0,0.1,0.2,0.2,-0.7,-4.5
WW,8,6,15,16,16,0,15,64.6,75.5,77,73.5,91.3,90.5,88.7,82.1,84.5,87.5,82.1,76.5,75.4,89,82.3,1.42,15
WY,2,2,3,3,3,-0.2,2,2.3,2.9,10.5,1.4,1.2,2.2,1.5,4.2,1.7,2.3,4.9,2.1,4.2,1.7,2.5,0,2
WV,4,4,-3,-4,-5,0.1,-3,0.1,2.5,0.1,0.1,1.2,0.1,0.7,1.5,1.1,0,0.7,0.7,0.1,0.8,0.7,-0.17,-2
YA,-2,-1,-2,-3,-4,0.4,-2,0.5,2.1,0.1,0.4,1.4,0.1,0.5,0.1,1.1,0.5,0.5,0.3,0.6,0.4,0.6,-0.34,-3.5
YR,-1,-3,-1,-3,-4,-0.2,-1,0.1,0.9,0.4,0.1,0.8,0.6,0.1,0.6,0.4,0.8,0.3,0.3,0.4,0.4,0.5,-0.31,-5.5
YN,-3,-4,-2,-3,-4,-0.4,-2,0.1,1.1,0.1,0.1,0.8,1.5,1.6,0.6,0.6,1.2,0.3,0.3,0.4,0.6,0.6,0.12,0
YD,-4,-5,-2,-5,-6,0.1,-3,0.1,0.1,0.1,0.1,0.1,0.1,0.1,0.1,0.1,0.1,0.1,0.3,0.2,0.2,0.4,0.09,-5.5
YC,-1,0,-3,-4,-5,-0.1,-3,0.1,0.1,0.1,0.1,0.6,1,0.4,0.1,0.6,0.9,0.3,0.1,0.5,0.6,0.7,0.4,0.5
YQ,-3,-4,-1,-2,-3,0,-1,0.1,0.5,0.1,0.1,0.2,0.3,0.8,0.1,0.1,0.5,0.2,0.1,0.1,0.2,0.2,-0.02,-2
YE,-1,-1,-2,-3,-5,0.1,-2,1.1,0.4,0.7,0.1,0.6,0.1,0.7,0.1,1,0.2,0.8,0.1,0.6,0.3,0.5,-0.11,-5.5
YG,-2,-1,-3,-5,-6,-0.3,-3,0.1,0.1,0.1,0.6,0.1,0.1,0.1,0.5,0.1,0,0,0.6,0.2,0,0.3,-0.35,-3.5
YH,0,0,2,3,3,0.3,2,3.4,2.7,0.9,0.6,2.3,1.3,4.9,1.7,3,1.9,2.1,0.9,1.5,1.5,1.7,0.35,2.5
YI,2,3,0,-2,-3,0,-1,2.4,3,1.2,0.1,0.5,0.5,0.3,0.7,1.1,1.3,0.9,0.1,1.6,0.9,0.9,-0.35,-2.5
YL,0,2,0,-2,-2,0.7,-1,6.6,2.7,2.8,2.5,4.3,0.7,1.3,1,4.6,1.2,2,0.7,3,2,2,-0.27,-1.5
YK,-3,-4,-1,-3,-4,-0.1,-2,0.9,0.8,0.5,0.1,0.7,0.4,0.4,0.5,0.9,0.6,0.7,0.7,0.6,0.5,0.6,-0.12,-3.5
YM,1,2,0,-1,-3,0.1,0,0.2,0.1,0.1,0.6,1.4,0.1,0.1,0.3,1,0,0.3,0.5,0.4,0.5,0.4,-0.56,-1.5
YF,3,3,3,4,4,-0.5,4,8.7,5.9,8.4,8.4,8.2,6.3,6.5,8.8,9,6.1,6.8,8.4,7.8,9.7,7.1,0.14,5
YP,-5,-4,-3,-4,-6,-0.1,-3,0.3,0.1,0.3,0.1,0.1,0.6,0.1,0.1,0,0.4,0,0.1,0.1,0.2,0.1,-0.2,-5.5
YS,-1,-1,-2,-3,-3,0.1,-2,0.9,1.6,0.1,0.1,0.6,1.1,0.1,0.1,0.9,1.2,0.2,0.1,0.7,0.2,0.6,-0.04,-2
YT,0,0,-1,-2,-3,-0.4,-2,1.5,0.1,0.4,0.6,0.3,0.6,1.1,0.1,0.6,0.6,0.8,0.4,0.7,0.5,0.9,-0.27,-2.5
YW,2,2,3,3,3,0.2,2,1,0.7,0.1,1,0.4,0.8,0.1,0.1,0.5,0.7,1.2,0.9,1,0.7,0.7,0,2
YY,4,3,8,10,11,0,8,60.8,72.2,71.2,68.7,76.6,80.9,79.7,82.2,71.7,77.2,73.4,73.3,66.8,78,73.2,0.84,11
YV,2,2,-1,-2,-3,-0.1,-1,3.8,0.8,0.5,1.6,0.1,0.1,0.1,0.6,0.9,0.3,0.4,0.9,1.2,0.6,0.7,-0.39,-2.5
VA,-5,-4,0,0,-1,3.9,0,6.2,1.2,2.7,1.4,7.2,2.4,5.1,4.3,8.5,2.2,3.9,3.3,2.5,2.5,3.7,-0.06,1.5
VR,-11,-10,-2,-4,-4,-0.7,-3,1.4,0.5,0.2,0.1,0.6,0.3,0.1,0.2,0.7,0.7,0.3,0.1,0.4,0.2,0.5,-0.54,-6
VN,-11,-11,-3,-4,-5,0.9,-3,0.7,0.1,0.3,0.7,0.2,0.1,1.1,1.1,0.4,0.2,0.7,0.9,0.5,0.3,0.4,-0.69,-4.5
VD,-13,-12,-3,-5,-6,-0.1,-4,0.1,0.4,0.1,0.4,0.4,0.4,0.5,0.2,0.1,0.3,0.2,0.3,0.4,0.2,0.2,-0.39,-6
VC,3,5,-1,-1,-2,0.6,-1,0.1,0.1,1.8,0.4,0.8,0.8,0.1,1.2,0.8,0.6,0.8,0.7,0.6,0.8,0.8,-0.19,1
VQ,-12,-12,-3,-3,-4,0.8,-3,0.1,2,0.8,0.6,0.4,0.2,1.1,0.1,0.3,0.6,0.8,0.3,0.8,0.1,0.5,-0.68,-3.5
VE,-12,-11,-3,-4,-4,0.1,-3,0.3,2.3,0.1,0.1,0.5,0.1,0.1,0.6,0.9,0.7,0.2,0.8,0.6,0.6,0.4,-0.42,-6.5
VG,-8,-7,-3,-5,-6,-0.4,-4,0.3,1.1,1,0.1,0.1,0.1,0.1,0.5,0.2,0.1,0.8,0.3,0.6,0.1,0.3,-0.15,-2.5
VH,-4,-3,-3,-5,-5,-0.1,-4,0.1,0.1,0.5,0.1,0.4,0.1,0.1,0.1,0.3,0.2,0.1,0.1,0.6,0.1,0.1,-0.59,-4.5
VI,9,11,3,4,4,2.1,4,17.5,6.9,10.3,8,13.4,9.6,7,6,15.1,8.7,8.4,6.3,10.4,11.1,8.8,0.41,4.5
VL,5,6,1,1,1,-0.1,1,1.9,4.6,4.5,4.3,5.9,3,6.2,3.8,5.9,3.1,4.8,3.9,3.7,3.8,3.6,0.41,2.5
VK,-14,-13,-2,-3,-4,-1.1,-3,0.1,0.1,1.3,1.3,0.1,0.1,0.1,0.7,0.4,0.3,0.7,0.8,0.7,0.9,0.4,-0.79,-7
VM,0,1,1,1,1,1,1,0.1,2.1,1.1,1.1,2.2,0.2,0.1,0.1,1.7,0.8,0.7,1.1,0.9,1,0.8,0.41,2.5
VF,5,7,0,-1,-2,-0.3,-1,1.6,0.8,2.7,1.5,0.6,0.6,1.7,1.3,0.8,0.7,2.2,1,1.6,1.2,1.2,0.36,1
VP,-7,-5,-3,-4,-4,-0.2,-3,0.2,0.9,0.1,0.1,0.1,0.3,1.4,0.7,0.2,0.4,0.8,0.5,0.3,0.3,0.4,-0.47,-4
VS,-6,-5,-1,-2,-3,0,-2,0.1,0.4,0.7,0.9,0.1,1.1,0.8,2.1,0.2,1.2,0.7,1.6,0.7,0.5,0.9,-0.44,-1
VT,-3,-1,0,0,0,1.5,0,0.6,1,2.1,2.5,3.1,2.1,3.2,3.2,2.8,2.5,2.8,3,1.6,1.6,2.5,-0.44,1
VW,4,4,-3,-4,-5,-0.1,-3,0.3,0.1,0.3,0.1,0.1,0.1,0.3,0.2,0.3,0.2,0.5,0.3,0.3,0.2,0.2,-0.17,-2
VY,2,2,-1,-2,-3,0.1,-1,1.2,0.4,1.9,0.1,0.1,0.3,0.8,0.5,0.8,0.3,1.5,0.5,0.7,0.1,0.5,-0.39,-2.5
VV,11,12,5,6,7,0,5,53.9,57.5,60.1,51.9,64.2,75,67.2,69.4,58.9,70.1,62.8,58.8,54.8,73,64,0.54,5
